HSCHOOL,AC_GRADE,Linear Algebra,Calculus I,Basic Mechanics,Chemistry I,Fundamentals of Informatics,Geometry,Calculus II,Basic Thermodynamics,Chemistry II,Engineering Drawing,MEAN,STD,PASSED,FAILED,NUM_SUBJ,Maths,Physics,Chemistry,Informatics,MEAN_CRED,ENROL_ECTS,PASS_ECTS,ALPHA,RANK_MEAN,NUM_STUD,RANKING
FREDERIC MISTRAL-TÈCNIC EULÀLI,11.315,5.599,5.754,5.56,5.884,5.186,5.291,4.714,5.088,5.824,5.132,5.348,1.353,6.986,2.677,9.663,5.296,5.284,5.766,5.086,5.739,72.302,52.016,0.746,4.623,17.667,92.167
SANT IGNASI- SARRIÀ,10.75,5.494,5.752,5.205,5.62,4.814,5.082,5.286,5.367,6.03,5.098,5.339,1.436,7.185,2.634,9.82,5.391,5.237,5.738,4.904,5.847,73.284,54.612,0.766,4.676,14.667,89.333
INSTITUCIO CULTURAL DEL CIC,11.041,5.506,5.595,5.318,5.59,5.406,5.313,5.116,5.284,5.594,5.581,5.354,1.27,6.961,2.777,9.738,5.342,5.239,5.447,5.425,5.789,72.926,52.749,0.744,4.636,10.167,92.667
BETÀNIA-PATMOS,10.972,5.778,6.487,5.627,5.894,4.808,5.401,5.282,5.271,5.407,5.007,5.453,1.499,7.114,2.719,9.832,5.697,5.327,5.631,4.877,6.0,75.077,54.606,0.758,4.79,8.667,86.333
VIARÓ,11.502,5.656,5.735,5.761,5.678,5.351,4.962,5.034,5.076,5.813,5.066,5.379,1.389,7.277,2.51,9.787,5.322,5.361,5.622,5.209,5.722,72.44,52.536,0.762,4.608,7.5,93.833
LA SALLE BONANOVA,11.161,5.333,5.528,5.42,5.444,4.837,5.366,5.452,4.853,5.626,5.624,5.215,1.284,6.678,2.9,9.579,5.315,5.048,5.362,5.012,5.699,72.837,51.635,0.718,4.494,7.333,100.833
JESUÏTES CASP-SAGRATCORDEJESÚS,10.929,5.369,5.307,5.612,6.083,5.672,5.649,5.347,5.031,6.431,5.613,5.532,1.328,7.303,2.331,9.634,5.28,5.306,6.165,5.57,5.856,70.844,52.757,0.774,4.889,7.333,81.5
SAGRAT COR-SARRIÀ,11.259,6.028,5.925,5.293,5.792,5.034,5.447,5.326,5.56,6.035,5.391,5.514,1.277,7.8,1.9,9.7,5.614,5.313,5.768,5.095,5.767,68.953,54.7,0.813,4.91,7.167,80.0
SANTA TERESA - GANDUXER,11.285,5.331,5.715,5.652,5.71,5.072,5.581,4.99,5.417,5.787,5.593,5.4,1.371,7.067,2.508,9.574,5.325,5.479,5.706,5.34,5.601,69.584,50.12,0.738,4.573,6.2,84.8
IPSI(INST.PEDAG. SANT ISIDOR),11.292,5.947,5.781,5.627,6.263,5.962,5.314,5.588,5.375,6.167,5.438,5.72,1.356,7.828,2.061,9.889,5.64,5.492,6.184,5.634,6.191,72.883,58.1,0.822,5.254,4.667,74.0
GARBI PERE VERGES-ESPLUGUES,11.361,5.65,5.478,4.922,5.05,5.917,5.161,5.786,5.317,5.543,6.422,5.518,1.332,7.167,2.611,9.778,5.528,5.119,5.15,6.117,6.038,71.75,56.083,0.789,4.803,4.333,81.667
MONTESSORI-PALAU,11.402,5.849,6.246,4.835,5.898,6.257,5.208,5.514,5.122,5.504,4.71,5.501,1.228,7.512,2.345,9.857,5.681,4.962,5.701,5.483,5.975,81.875,57.714,0.783,4.858,4.333,98.667
ESCOLA PIA SANTA ANNA MATARO,11.453,5.048,5.047,5.311,5.676,4.745,5.473,4.979,5.37,5.085,5.206,4.995,1.218,6.464,3.036,9.5,4.718,5.118,5.381,4.976,5.439,71.955,48.809,0.702,4.41,4.167,85.5
JESUS I MARIA - SANT GERVASI,10.822,4.004,4.22,4.273,4.872,3.733,5.328,4.276,4.432,5.639,5.121,4.13,1.041,4.867,3.744,8.611,4.039,4.015,4.762,3.848,4.666,73.742,42.333,0.579,3.453,3.667,120.167
CANIGÓ,11.783,6.214,6.508,5.794,6.422,5.323,5.889,6.023,5.334,6.102,4.959,5.857,1.339,8.343,1.657,10.0,6.158,5.564,6.262,5.141,6.224,68.762,57.25,0.855,5.444,3.667,60.0
"AULA, ESCUELA EUROPEA",11.063,5.614,5.774,5.861,6.469,7.728,5.221,4.89,4.879,5.553,5.825,5.768,1.455,7.875,1.958,9.833,5.338,5.299,6.011,6.776,6.174,71.479,56.854,0.829,5.216,3.667,68.667
SANT MIQUEL,11.336,6.057,5.923,5.453,6.202,5.882,5.207,5.077,4.652,6.073,5.937,5.646,1.329,7.2,2.8,10.0,5.566,5.053,6.137,5.909,6.236,74.975,57.15,0.784,5.002,3.6,86.4
"LA VALL, COL·LEGI",11.66,5.21,5.033,4.871,5.457,3.356,4.27,4.39,4.17,5.857,5.243,4.71,1.469,5.893,3.52,9.413,4.711,4.48,5.497,4.148,5.183,72.025,48.34,0.673,3.838,3.4,123.6
CULTURAL,11.716,5.408,4.533,4.975,4.917,4.45,4.286,4.056,3.922,4.492,3.872,4.451,1.58,4.417,4.5,8.917,4.495,4.533,4.508,3.95,4.413,66.875,34.375,0.516,2.814,3.333,145.0
SAGRADO CORAZÓN-EDUARDO CONDE,10.616,4.334,5.031,4.583,4.636,2.834,4.125,4.42,3.498,5.0,4.695,4.257,1.81,5.173,4.507,9.68,4.471,3.911,4.664,3.609,5.387,89.94,51.36,0.608,3.467,3.2,131.0
INST.ICÀRIA,10.946,5.273,5.98,5.418,6.407,5.332,5.278,5.008,4.657,5.69,5.633,5.468,1.366,7.0,3.0,10.0,5.385,5.038,6.048,5.482,6.05,77.65,52.75,0.749,4.751,3.2,91.6
SANT MIQUEL DELS SANTS,11.045,5.306,4.997,5.408,6.811,5.861,5.422,4.972,5.308,5.697,5.392,5.518,1.24,7.833,2.111,9.944,5.182,5.358,6.254,5.626,5.941,71.833,56.583,0.823,4.97,3.167,77.833
ESCOLA PIA DE SARRIA,10.629,4.958,4.328,4.81,5.054,4.317,4.215,4.236,3.97,5.378,5.231,4.576,1.412,5.458,3.93,9.389,4.367,4.406,5.087,4.485,5.335,81.979,50.792,0.645,3.722,3.167,125.667
ESC.PROF.SALESIANA,11.01,5.236,5.521,5.364,5.41,5.929,5.31,5.682,4.854,5.946,5.651,5.506,1.276,7.733,2.183,9.917,5.438,5.207,5.645,5.79,5.959,70.508,56.833,0.825,4.971,3.167,76.333
SANT JOSEP - SANT SADURNI,11.064,4.597,4.467,3.615,5.0,3.854,4.138,4.727,4.396,5.761,5.216,4.417,1.658,5.389,4.195,9.583,4.365,3.912,5.121,4.322,5.295,84.396,52.25,0.616,3.614,3.167,137.333
"SUNION, INST.CULTURAL CATALANA",11.238,5.597,5.433,4.928,5.764,6.038,5.174,5.093,5.72,5.276,6.068,5.425,1.295,6.611,3.0,9.611,5.252,5.072,5.334,6.053,5.952,74.375,52.0,0.735,4.664,3.167,94.0
ABAT OLIBA LORETO,11.891,6.117,6.457,6.052,7.143,6.358,5.233,4.908,5.743,6.563,5.187,5.976,1.398,7.9,2.1,10.0,5.679,5.898,6.853,5.773,6.437,73.75,60.0,0.843,5.516,3.0,77.2
INST.JOAQUIMA PLA I FARRERAS,10.059,4.167,1.833,3.267,3.467,2.7,2.2,3.0,2.0,4.0,6.4,3.387,1.577,1.667,5.667,7.333,3.158,2.933,3.55,4.033,3.44,60.5,27.0,0.457,1.607,3.0,164.0
INST.BERNAT EL FERRER,10.9,4.533,5.533,5.467,5.867,5.7,3.667,4.0,4.1,4.5,4.633,4.8,1.75,5.333,4.667,10.0,4.433,4.783,5.183,5.167,6.188,92.0,60.0,0.656,4.071,3.0,137.0
INST.TREMP,11.265,6.2,6.0,6.133,7.033,7.033,6.733,5.567,7.067,6.767,8.2,6.673,0.967,10.0,0.0,10.0,6.125,6.6,6.9,7.617,6.709,60.0,60.0,1.0,6.709,3.0,23.0
ESCOLA PIA D'IGUALADA,10.812,4.548,4.623,4.498,4.278,3.834,4.961,5.44,5.724,4.443,5.05,4.358,1.155,4.822,3.732,8.554,4.449,4.796,4.467,3.683,4.389,71.491,37.875,0.546,3.223,3.0,117.5
INST.PRÍNCEP DE GIRONA,11.355,5.233,4.5,5.1,6.0,6.733,4.5,3.933,4.333,5.433,5.6,5.137,1.24,7.0,3.0,10.0,4.542,4.717,5.717,6.167,5.325,83.0,50.0,0.718,4.196,3.0,106.0
INST.ILLA DE RODES,11.368,6.867,7.833,7.2,7.467,8.367,7.967,8.4,6.533,7.8,7.333,7.577,0.857,10.0,0.0,10.0,7.767,6.867,7.633,7.85,7.565,60.0,60.0,1.0,7.565,3.0,6.0
INST.FORT PIUS,11.097,7.033,7.6,6.0,7.1,8.0,5.167,6.633,2.433,4.867,8.033,6.287,2.073,7.667,2.333,10.0,6.608,4.217,5.983,8.017,6.951,73.0,60.0,0.826,5.729,3.0,71.0
INST.BANÚS,10.172,6.567,5.2,5.0,6.467,6.567,4.933,5.45,5.8,5.8,5.8,5.743,1.047,9.0,0.667,9.667,5.392,5.4,6.133,6.183,5.704,60.0,56.0,0.933,5.381,3.0,35.0
INST.BERENGUER D'ENTENÇA,11.549,6.367,5.133,6.167,7.033,5.867,6.333,5.2,5.267,5.267,6.667,5.93,0.907,9.0,1.0,10.0,5.758,5.717,6.15,6.267,6.112,66.0,60.0,0.923,5.67,3.0,57.0
INST.PERE ALSIUS I TORRENT,12.071,7.367,6.867,7.233,7.6,8.6,6.4,5.6,6.233,6.633,6.433,6.897,0.983,10.0,0.0,10.0,6.558,6.733,7.117,7.517,6.892,60.0,60.0,1.0,6.892,3.0,15.0
INST.CIUTAT DE BALAGUER,10.289,6.467,5.5,5.533,6.4,7.867,6.2,6.0,5.867,5.6,6.867,6.23,1.017,9.0,1.0,10.0,6.042,5.7,6.0,7.367,6.322,70.0,60.0,0.874,5.582,3.0,74.0
INFANT JESÚS,11.401,6.287,5.779,5.362,6.054,5.146,5.983,5.043,6.179,5.972,4.837,5.61,1.388,7.792,2.0,9.792,5.763,5.702,5.944,4.788,6.038,71.188,56.188,0.814,5.099,2.833,76.0
"BADALONÈS, COL.LEGI",11.574,6.264,4.881,6.017,6.939,6.492,4.683,4.475,4.778,5.894,6.006,5.643,1.371,7.972,2.028,10.0,5.076,5.397,6.417,6.249,6.324,75.833,60.0,0.844,5.382,2.833,67.167
INST.MONTSERRAT,10.836,5.74,5.167,5.465,4.958,6.668,5.268,4.562,4.308,6.125,6.225,5.325,1.527,7.183,2.433,9.617,5.081,4.785,5.287,6.347,5.814,68.5,53.9,0.782,4.873,2.8,79.6
TALLER GINEBRO,11.149,5.183,4.49,4.416,4.556,3.533,4.838,5.094,5.142,5.625,4.442,4.397,1.443,5.393,3.24,8.633,4.664,4.437,4.455,3.682,4.664,66.73,42.4,0.58,3.323,2.8,139.0
ESCOLA PIA DE NOSTRA SENYORA,10.904,5.41,5.51,5.179,5.156,5.129,5.371,5.402,4.944,6.033,5.894,5.403,1.478,7.771,2.229,10.0,5.424,5.061,5.595,5.511,6.034,76.25,58.5,0.799,4.878,2.75,96.25
SANT PAU,11.436,5.717,5.972,5.183,5.947,5.223,5.667,5.4,5.197,6.313,5.63,5.447,1.242,7.417,2.233,9.65,5.544,5.079,6.13,5.427,5.932,72.2,54.6,0.787,4.951,2.6,81.8
REIAL MONESTIR DE SANTA ISABEL,11.261,5.573,5.252,5.033,5.964,4.981,4.488,5.075,4.529,5.242,4.579,5.0,1.448,6.271,3.417,9.688,5.015,4.758,5.508,4.701,5.655,76.531,51.125,0.685,4.187,2.5,103.75
SAGRAT COR-DIPUTACIÓ,11.15,5.805,5.582,5.536,6.7,7.141,5.357,5.249,5.214,5.768,6.12,5.847,1.244,8.808,1.192,10.0,5.498,5.375,6.234,6.631,6.116,66.4,58.8,0.899,5.537,2.5,62.5
SANTA TERESA DE JESÚS,11.104,6.11,4.04,5.18,5.555,5.24,3.83,5.225,4.388,4.955,4.472,4.9,1.494,5.9,4.1,10.0,4.801,4.784,5.255,4.856,5.709,88.162,54.0,0.688,4.114,2.5,103.75
INST.JAUME VICENS VIVES,10.724,6.425,5.483,5.733,6.425,6.642,5.542,5.934,5.384,6.716,6.658,6.094,1.035,8.416,1.584,10.0,5.846,5.558,6.571,6.65,6.466,73.125,60.0,0.86,5.646,2.5,55.5
LA SALLE-REUS,11.567,6.512,5.681,5.929,6.508,6.079,6.071,5.84,6.425,7.146,6.917,6.307,1.202,8.438,1.438,9.875,6.021,6.177,6.827,6.498,6.589,67.719,58.5,0.886,5.931,2.5,45.25
ESCOLA ELISABETH,11.291,5.8,4.542,4.767,4.892,6.25,3.992,3.258,4.266,4.425,5.25,4.744,1.641,6.084,3.916,10.0,4.398,4.517,4.658,5.75,5.168,69.125,45.0,0.645,3.552,2.5,119.0
INST.NARCÍS MONTURIOL - BCN,10.624,6.175,5.558,4.825,4.292,5.834,5.466,4.192,4.566,4.5,5.566,5.098,1.493,7.5,2.5,10.0,5.348,4.696,4.396,5.7,5.474,70.5,54.25,0.775,4.418,2.5,92.5
SANT GREGORI,11.316,5.2,5.278,4.967,5.632,5.672,5.353,5.687,5.07,5.117,5.083,5.189,1.3,6.433,3.117,9.55,5.202,4.954,5.29,5.285,5.665,73.925,50.2,0.697,4.406,2.4,100.4
VIROLAI,11.353,4.4,4.427,4.522,4.798,5.322,5.808,4.414,4.267,5.644,6.089,4.585,1.402,5.267,3.733,9.0,4.276,4.278,4.657,5.437,4.827,73.3,42.7,0.584,3.564,2.4,103.2
INST.JOAQUIM BAU,11.335,5.827,5.522,5.632,5.915,5.093,4.967,5.055,4.988,6.18,5.185,5.389,1.322,7.383,2.483,9.867,5.343,5.31,5.934,5.081,5.972,76.4,57.2,0.78,4.792,2.4,97.4
TECLA SALA,10.679,4.982,4.183,4.007,5.727,5.045,4.713,4.72,4.59,5.423,5.317,4.591,1.619,6.017,3.217,9.233,4.392,4.136,5.06,4.896,4.801,70.625,43.25,0.622,3.68,2.4,130.0
MARISTES VALLDEMIA,10.766,5.566,5.35,5.614,5.506,5.358,5.112,4.756,4.974,4.268,5.024,5.153,1.296,7.58,2.42,10.0,5.196,5.294,4.887,5.191,5.558,73.8,55.2,0.794,4.738,2.4,97.4
XALOC,10.912,5.597,5.519,5.581,5.633,5.419,4.623,5.099,5.048,5.357,5.697,5.311,1.119,7.447,2.273,9.72,5.172,5.205,5.408,5.558,5.652,69.38,54.03,0.801,4.733,2.4,91.6
PARE MANYANET,11.17,5.19,4.533,4.052,5.043,5.515,4.507,4.447,4.765,5.243,4.167,4.737,1.361,5.383,4.467,9.85,4.668,4.408,4.99,4.765,5.626,87.85,54.675,0.662,3.762,2.4,119.2
"JESÚS, MARIA I JOSEP",11.559,5.636,4.933,4.744,4.328,5.117,6.417,5.858,4.8,6.216,6.907,4.936,1.16,6.167,2.5,8.667,5.159,4.397,4.236,5.436,5.132,61.917,46.25,0.694,4.384,2.333,88.167
IPSE,11.496,7.106,7.122,6.833,6.467,7.694,6.617,6.139,6.667,6.422,6.039,6.711,1.072,9.389,0.611,10.0,6.746,6.75,6.444,6.867,6.901,63.667,60.0,0.952,6.588,2.333,29.667
LESTONNAC - LLEIDA,11.668,6.667,5.95,5.533,6.625,5.258,5.433,5.411,6.244,6.433,5.933,5.816,1.188,7.667,1.917,9.583,5.829,5.671,6.308,5.442,6.257,68.875,54.0,0.79,5.449,2.333,72.667
INST.CORBERA DE LLOBREGAT,11.069,6.311,5.867,5.572,5.667,6.939,6.061,6.233,5.606,6.456,7.067,6.178,1.073,9.444,0.556,10.0,6.118,5.589,6.061,7.003,6.358,63.333,60.0,0.953,6.061,2.333,41.0
SANT PETER'S SCHOOL,10.489,4.46,5.108,4.967,3.872,4.548,3.347,5.124,4.922,5.732,4.81,4.537,1.478,5.583,3.667,9.25,4.443,4.744,4.493,4.582,4.833,77.875,47.45,0.621,3.442,2.333,135.5
INST.LES CORTS,10.751,4.711,4.714,4.581,5.347,4.839,3.972,4.983,4.094,5.819,5.078,4.703,1.679,5.917,3.472,9.389,4.419,4.372,5.368,4.818,5.424,79.75,52.667,0.667,3.891,2.333,121.167
TURÓ,11.443,5.717,5.558,4.757,4.73,5.109,4.818,5.28,4.797,5.248,5.425,5.104,1.417,5.728,4.05,9.778,5.273,4.777,4.866,5.203,5.932,82.467,52.708,0.68,4.441,2.333,101.833
"MIREIA,C.E.",11.278,4.442,4.242,4.783,6.508,5.375,5.692,5.2,4.508,6.742,5.433,5.292,1.41,7.083,2.917,10.0,4.894,4.646,6.625,5.404,6.164,78.625,60.0,0.778,4.816,2.333,91.333
INST.MANUEL CARRASCO I FORMIG.,11.891,6.358,5.658,6.342,6.767,6.5,5.458,4.95,5.725,6.317,5.183,5.926,1.274,8.167,1.833,10.0,5.606,6.033,6.542,5.842,5.993,64.125,50.5,0.824,5.304,2.333,74.667
JOAN PELEGRÍ,10.836,4.89,4.762,5.003,5.243,6.201,4.717,4.417,3.887,4.972,5.565,4.966,1.606,5.667,4.333,10.0,4.696,4.445,5.108,5.883,6.016,84.25,55.146,0.667,4.156,2.333,116.667
INST.MANUEL DE CABANYES,10.538,5.0,4.481,4.119,4.969,4.006,4.439,4.778,5.722,4.933,5.267,4.485,1.386,4.125,3.938,8.062,4.45,4.134,4.859,4.14,4.38,63.375,35.344,0.491,2.784,2.25,133.75
CASA DEL ROURE,10.728,5.505,5.908,5.522,4.737,3.422,4.937,5.287,5.2,5.19,4.51,5.0,1.393,5.983,3.917,9.9,5.387,5.304,4.963,3.966,5.661,79.1,50.175,0.654,3.979,2.2,122.0
CLAVER,11.036,5.283,5.43,5.742,5.444,4.442,4.633,4.753,4.64,5.577,4.836,4.904,1.448,5.945,3.389,9.333,4.919,5.129,5.217,4.639,5.329,72.333,44.25,0.637,3.979,2.167,105.667
SAGRADA FAMÍLIA - ARQUIMIDES,10.719,4.433,3.758,4.572,5.381,4.486,4.528,3.558,3.23,5.372,4.46,4.374,1.461,4.972,4.611,9.583,4.12,3.803,5.376,4.285,5.044,84.5,48.0,0.561,3.135,2.167,147.667
"SANT GERVASI, ESCOLA",10.652,5.646,5.055,5.184,5.59,6.955,5.934,5.753,5.345,5.285,5.488,5.557,1.526,6.956,2.378,9.333,5.406,5.036,5.264,6.222,5.627,69.917,51.25,0.74,4.448,2.167,97.833
INST.XXV OLIMPÍADA,11.561,3.5,5.4,7.0,7.9,9.5,7.25,4.15,5.55,7.5,7.45,6.52,2.035,8.5,1.5,10.0,5.075,6.275,7.7,8.475,7.118,72.0,60.0,0.857,6.159,2.0,38.0
INST.SERRA DE MIRAMAR,11.612,5.05,4.8,4.5,4.15,5.9,3.4,3.7,2.65,4.1,2.6,4.085,1.515,4.0,6.0,10.0,4.238,3.575,4.125,4.25,3.932,63.0,23.25,0.388,2.395,2.0,141.0
INST.ALELLA,11.161,5.734,7.116,6.734,6.616,7.216,6.034,6.95,5.7,4.684,7.767,6.455,1.259,8.834,1.166,10.0,6.459,6.216,5.65,7.492,6.79,68.75,60.0,0.905,6.229,2.0,44.5
"LA MIRANDA, INSTITUCIO",11.364,5.9,6.434,6.2,6.334,6.5,4.466,5.85,5.516,5.984,4.716,5.79,1.366,7.5,2.5,10.0,5.662,5.858,6.158,5.608,6.529,75.25,60.0,0.816,5.414,2.0,64.5
LA SALLE BARCELONETA,11.741,5.45,5.6,5.4,6.1,8.35,4.3,4.2,4.2,5.65,6.05,5.53,1.345,8.0,2.0,10.0,4.887,4.8,5.875,7.2,5.54,60.0,48.0,0.8,4.602,2.0,56.0
JESUÏTES GRÀCIA-KOSTKA,10.917,5.29,5.75,4.82,5.545,4.495,5.18,5.425,4.135,5.565,5.345,5.084,1.55,6.7,2.8,9.5,5.259,4.437,5.59,4.875,5.476,68.7,49.8,0.709,4.205,2.0,101.6
SALESIANS SANT VICENC DELS HOR,8.615,5.55,5.05,5.9,4.45,9.2,3.2,5.6,2.2,5.8,6.7,5.365,2.095,6.0,4.0,10.0,4.85,4.05,5.125,7.95,6.308,92.25,60.0,0.656,4.144,2.0,125.0
LA SALLE CONGRÉS,10.318,4.906,4.606,4.711,5.972,5.061,4.784,4.434,5.517,5.933,5.422,5.042,1.267,6.278,2.722,9.0,4.414,4.828,5.953,5.242,5.544,69.833,53.0,0.771,4.376,2.0,90.667
LA SALLE-TARRAGONA,11.773,5.938,5.658,5.746,6.029,6.475,5.254,5.825,6.171,6.229,5.675,5.9,1.163,8.0,2.0,10.0,5.669,5.958,6.129,6.075,6.266,73.812,60.0,0.848,5.39,2.0,70.0
INST.M JOSEP SERRAT I BONASTRE,10.132,5.35,2.8,3.25,3.1,7.15,5.0,2.3,2.8,,,3.93,2.085,2.5,4.5,7.0,3.762,3.025,3.1,7.15,2.98,57.0,18.0,0.328,1.225,2.0,174.0
DOMINIQUES L'ENSENYAMENT BCN,11.071,5.15,5.55,4.65,6.2,3.85,4.95,3.85,4.85,7.0,7.3,4.975,1.275,6.0,3.0,9.0,4.875,4.75,6.225,3.975,4.824,60.0,39.0,0.65,3.686,2.0,89.0
"JOVIAT, ESCOLA",11.261,3.45,5.0,5.3,6.0,6.2,7.0,4.8,5.7,4.15,5.65,5.325,1.27,7.5,2.5,10.0,5.062,5.5,5.075,5.925,5.941,74.25,60.0,0.81,4.81,2.0,95.0
INST.RAMON BERENGUER IV-AMP.,11.382,4.85,6.45,7.0,6.85,7.6,5.5,6.55,6.15,7.1,3.05,6.11,1.45,8.5,1.5,10.0,5.838,6.575,6.975,5.325,6.554,69.75,60.0,0.878,5.744,2.0,54.0
SAGRADA FAMILIA - SABADELL,11.345,4.6,5.55,5.6,6.4,5.4,4.05,2.45,2.75,6.35,4.55,4.77,1.6,5.5,4.5,10.0,4.162,4.175,6.375,4.975,5.694,96.75,60.0,0.624,3.553,2.0,164.0
EL CLOT,10.576,5.24,5.287,5.423,6.247,5.283,5.697,4.553,4.17,5.343,5.847,5.306,1.312,7.3,2.5,9.8,5.194,4.872,5.795,5.47,5.52,68.95,50.9,0.772,4.571,2.0,99.6
INST.LLIÇÀ D'AMUNT,11.275,4.05,3.95,6.75,6.45,5.4,5.9,4.55,5.2,4.0,7.1,5.335,1.655,7.0,3.0,10.0,4.612,5.975,5.225,6.25,6.105,80.25,60.0,0.759,4.651,2.0,103.0
ESCOLA PIA DE CALELLA,10.859,4.75,5.05,5.4,5.3,6.3,5.75,5.55,4.35,6.35,6.0,5.48,1.075,7.5,2.5,10.0,5.275,4.875,5.825,6.15,5.981,81.0,60.0,0.794,4.798,2.0,110.0
SALESIÀ DE SANT JOSEP,11.38,7.4,5.55,6.1,5.85,6.75,5.2,5.4,5.5,5.35,5.2,5.83,0.895,9.5,0.5,10.0,5.888,5.8,5.6,5.975,5.966,63.0,60.0,0.954,5.707,2.0,43.0
INST.PERE CALDERS,11.108,6.634,6.267,6.166,6.916,6.4,6.416,6.116,6.166,6.625,7.825,6.464,1.543,8.666,1.0,9.666,6.358,6.166,6.258,6.6,6.667,61.0,55.0,0.902,6.212,2.0,27.5
INST.RAMON BERENGUER IV-S.COL,12.245,6.7,5.45,6.25,8.05,7.5,6.05,5.65,5.3,5.7,7.1,6.375,1.365,8.5,1.5,10.0,5.962,5.775,6.875,7.3,6.898,68.25,60.0,0.88,6.062,2.0,33.0
SANT GABRIEL-SANT ADRIÀ,11.196,6.05,5.066,6.216,7.267,8.1,6.1,5.35,5.334,6.267,5.766,6.152,1.301,8.334,1.666,10.0,5.642,5.775,6.766,6.934,6.182,61.0,50.25,0.822,5.212,2.0,55.5
JAUME BALMES,11.287,6.35,5.35,4.775,6.925,5.85,4.425,3.85,5.55,4.625,3.575,5.047,1.495,6.25,3.5,9.75,4.994,4.8,5.775,4.712,5.406,72.0,47.625,0.66,3.757,2.0,117.0
INST.LLAVANERES,11.434,4.166,5.267,4.95,5.966,6.634,4.6,2.9,4.0,6.625,6.55,4.895,1.656,6.0,3.166,9.166,3.996,4.308,5.808,6.366,5.13,63.0,44.0,0.66,3.941,2.0,112.5
INST.LACETÀNIA,11.877,5.6,5.6,4.8,6.25,7.2,4.4,4.3,4.55,6.4,4.75,5.385,1.375,6.5,3.5,10.0,4.975,4.675,6.325,5.975,5.575,75.75,38.25,0.59,3.862,2.0,119.0
INST.LA GARROTXA,10.952,5.933,5.833,5.433,6.15,4.95,5.483,4.083,4.967,5.183,5.1,5.313,1.342,7.333,2.333,9.667,5.333,5.375,5.667,4.625,5.507,66.75,51.75,0.787,4.458,2.0,89.667
INST.VINYET,11.403,3.65,3.55,2.3,1.65,1.35,3.2,0.9,5.0,6.0,5.0,2.55,1.305,2.5,5.0,7.5,2.762,2.875,2.325,2.025,3.348,63.0,30.0,0.312,1.908,2.0,166.0
INST.REGUISSOL,11.283,6.0,4.2,4.55,4.6,4.25,6.0,5.6,5.75,6.35,5.95,5.325,1.12,8.0,2.0,10.0,5.45,5.15,5.475,5.1,6.2,72.0,60.0,0.857,5.314,2.0,69.0
INST.RAMON COLL I RODÉS,11.03,5.875,4.825,5.325,5.425,6.725,5.5,4.25,5.075,6.075,5.125,5.42,1.128,7.75,2.25,10.0,5.112,5.2,5.75,5.925,5.606,73.125,52.125,0.813,4.916,2.0,88.5
INST.ROVIRA-FORNS,10.215,5.55,2.3,2.8,1.6,2.0,2.45,,,5.2,5.25,3.39,1.845,2.5,5.5,8.0,3.433,2.8,3.4,3.625,2.992,57.0,18.0,0.322,0.998,2.0,178.0
LA SALLE MANRESA,10.753,4.428,5.228,4.706,6.089,4.933,5.794,4.9,5.289,5.856,5.406,5.263,1.024,7.444,2.556,10.0,5.087,4.997,5.972,5.169,5.777,77.583,60.0,0.793,4.613,2.0,100.667
VEDRUNA-MALGRAT DE MAR,11.237,3.3,4.45,4.1,4.3,6.15,6.3,3.15,2.65,3.65,6.0,4.405,1.77,4.5,5.5,10.0,4.3,3.375,3.975,6.075,5.99,101.25,60.0,0.6,3.594,2.0,162.0
BIENAVENTURADA VIRGEN MARÍA,11.117,6.5,6.0,4.85,6.95,6.25,5.55,6.3,6.0,6.1,3.85,5.835,1.105,9.0,1.0,10.0,6.088,5.425,6.525,5.05,6.04,66.75,60.0,0.899,5.431,2.0,61.0
INST.LEONARDO DA VINCI,10.898,8.1,9.0,6.85,6.05,6.95,7.25,8.6,6.25,6.65,6.95,7.265,1.225,10.0,0.0,10.0,8.238,6.55,6.35,6.95,7.272,60.0,60.0,1.0,7.272,2.0,8.0
INST.JOAN GUINJOAN I GISPERT,11.311,5.9,6.8,5.85,7.9,7.0,5.3,4.75,4.7,7.5,4.75,6.045,1.505,8.0,2.0,10.0,5.688,5.275,7.7,5.875,6.483,72.75,60.0,0.851,5.633,2.0,53.0
INST.L'ALZINA,11.24,5.1,6.4,4.85,7.3,5.35,4.6,5.1,4.5,6.2,6.25,5.565,1.14,7.0,3.0,10.0,5.3,4.675,6.75,5.8,6.17,78.75,60.0,0.768,4.75,2.0,94.0
INST.VENTURA GASSOL,11.23,7.6,6.05,3.9,5.3,6.45,3.85,5.2,4.7,4.8,6.5,5.435,1.925,6.0,4.0,10.0,5.675,4.3,5.05,6.475,5.978,69.0,42.75,0.641,3.959,2.0,77.0
BELL-LLOC DEL PLA,11.206,6.254,6.083,6.183,6.696,6.046,5.783,4.608,5.062,5.954,6.196,5.887,1.141,8.875,1.125,10.0,5.682,5.623,6.325,6.121,6.098,65.125,58.5,0.908,5.577,2.0,50.5
INST.SANT RAMON,10.941,5.3,5.75,3.65,6.05,7.5,4.7,4.25,1.8,4.25,5.3,4.855,1.86,6.5,3.5,10.0,5.0,2.725,5.15,6.4,6.032,83.25,60.0,0.724,4.368,2.0,113.0
INST.JAUME BALMES,11.29,6.138,5.925,6.129,6.488,6.904,5.621,6.192,4.604,5.754,6.579,6.013,1.178,8.625,1.25,9.875,5.906,5.367,6.121,6.742,6.097,62.25,54.938,0.887,5.516,2.0,54.0
"PINEDA, CENTRE CULTURAL",11.514,5.533,6.05,4.889,6.061,2.711,4.989,5.067,5.317,6.706,4.55,5.128,1.68,6.778,3.0,9.778,5.356,4.914,6.383,3.631,5.916,77.833,54.667,0.733,4.606,2.0,83.667
INST.TECN ESPORT TERRES EBRE,11.465,4.5,3.9,5.5,4.55,3.4,2.65,2.6,2.75,2.6,5.35,3.78,1.305,3.5,6.5,10.0,3.412,4.125,3.575,4.375,5.664,111.75,60.0,0.576,3.298,2.0,159.0
LA FARGA,10.999,4.867,4.092,4.567,5.175,4.625,5.544,4.956,2.878,4.244,4.7,4.51,1.451,5.917,3.75,9.667,4.794,3.708,4.708,4.663,5.412,86.875,55.0,0.663,3.874,2.0,131.0
ESCOLA L'ESPERANÇA,11.67,4.2,5.95,6.6,6.4,6.3,5.6,4.65,4.5,7.9,5.8,5.79,1.24,8.0,2.0,10.0,5.1,5.55,7.15,6.05,6.258,72.75,60.0,0.851,5.379,2.0,65.0
LA SALLE HORTA,10.65,5.85,6.15,5.0,5.45,3.7,6.7,6.6,5.15,6.75,6.8,5.815,1.325,9.0,1.0,10.0,6.325,5.075,6.1,5.25,6.186,69.0,60.0,0.885,5.515,2.0,56.0
INST.ARQUITECTE M.RASPALL,11.466,6.65,6.7,5.85,5.55,8.6,8.0,6.1,7.3,8.4,8.3,6.295,1.74,5.5,2.0,7.5,6.038,5.85,5.25,8.3,5.819,57.0,45.0,0.778,5.092,2.0,40.0
JESUS MARIA - MERIDIANA,10.569,3.383,3.65,4.283,4.667,6.6,5.667,4.967,4.55,5.217,5.8,4.57,1.602,5.333,3.833,9.167,3.996,4.158,4.375,6.325,5.203,73.75,51.0,0.662,3.819,2.0,118.667
LLEÓ XIII,11.507,4.65,4.75,4.95,6.3,4.95,5.7,4.25,2.9,6.5,4.35,4.93,1.6,6.0,4.0,10.0,4.838,3.925,6.4,4.65,6.135,87.75,60.0,0.685,4.194,2.0,121.0
MARISTES LES CORTS,11.344,6.137,5.729,5.038,6.375,5.825,5.108,4.267,5.142,5.6,4.879,5.362,1.612,6.833,2.75,9.583,5.3,5.09,5.858,5.235,5.9,75.312,54.375,0.756,4.617,1.833,98.333
"SANT JOAN BOSCO, COL·LEGI",10.79,5.57,6.544,5.381,6.222,5.522,5.539,5.072,5.344,6.369,6.342,5.791,1.394,8.0,2.0,10.0,5.681,5.363,6.296,5.932,6.527,73.042,60.0,0.866,5.704,1.833,65.0
ESCORIAL,10.755,5.016,5.372,5.248,5.448,4.864,5.064,6.41,6.45,6.515,6.16,5.419,1.422,7.04,2.36,9.4,5.202,5.504,5.43,5.512,5.914,70.14,54.3,0.783,4.898,1.8,80.0
MARISTES LA IMMACULADA,10.829,5.077,4.623,5.423,5.17,6.08,5.16,4.51,3.147,5.267,6.277,5.073,1.64,6.367,3.633,10.0,4.843,4.285,5.218,6.178,6.209,84.0,60.0,0.734,4.577,1.8,106.0
LESTONNAC - BARCELONA,11.489,4.55,4.96,4.41,6.06,5.465,4.635,5.075,4.11,6.15,5.975,4.818,1.301,6.25,2.95,9.2,4.586,4.17,5.91,4.972,5.046,67.725,43.65,0.66,4.117,1.8,87.8
INST.ANTONI MARTÍ I FRANQUÈS,11.354,6.693,6.507,5.73,6.417,5.547,5.297,5.4,4.487,5.307,5.367,5.675,1.321,7.6,2.4,10.0,5.974,5.108,5.862,5.457,6.491,74.4,60.0,0.847,5.541,1.8,58.6
SAGRADA FAMÍLIA-GAVÀ,10.398,4.53,5.153,4.47,4.133,2.843,3.746,2.883,4.088,4.842,3.833,3.876,1.609,3.767,5.233,9.0,4.012,4.105,4.243,3.01,5.036,89.5,45.3,0.538,3.044,1.8,130.0
INST.COSTA I LLOBERA,10.902,5.77,5.67,5.495,5.975,6.29,4.04,5.085,4.735,5.14,5.56,5.376,1.364,7.9,2.1,10.0,5.141,5.115,5.558,5.925,5.706,68.175,53.1,0.805,4.768,1.8,85.0
SEK-CATALUNYA,10.557,5.262,5.075,4.65,4.5,5.175,4.525,4.962,5.112,5.425,5.15,4.936,1.364,5.375,4.375,9.75,4.901,4.881,4.788,5.162,5.716,81.562,50.25,0.63,3.921,1.75,108.25
SANT JOSEP - SANT BOI,11.377,5.412,4.979,4.838,6.033,6.238,5.021,3.833,3.888,6.138,5.271,5.165,1.276,7.458,2.542,10.0,4.811,4.362,6.086,5.754,5.612,74.125,56.75,0.796,4.515,1.75,92.75
INST.SECRETARI COLOMA,10.85,4.646,4.033,5.304,4.583,4.9,4.6,5.4,5.238,5.188,4.863,4.817,1.916,6.875,2.708,9.583,4.574,5.283,4.686,4.969,5.89,83.062,57.5,0.749,4.515,1.75,99.0
FRETA-CALELLA,11.605,6.721,6.671,5.875,6.321,6.25,5.675,5.221,5.358,5.496,5.467,5.906,1.304,8.5,1.5,10.0,6.072,5.617,5.908,5.858,6.159,64.5,55.5,0.867,5.501,1.75,62.5
INST.FRANCISCO DE GOYA,10.134,4.858,4.021,3.975,4.712,4.279,4.6,3.95,5.5,4.988,4.854,4.376,1.129,4.625,4.542,9.167,4.252,4.208,4.631,4.567,4.851,79.75,44.5,0.549,3.09,1.75,147.5
EUROPA INTERNATIONAL SCHOOL,11.059,4.425,4.162,3.838,3.294,4.45,4.594,4.025,4.85,5.625,6.656,4.592,1.668,4.5,5.5,10.0,4.302,4.344,4.46,5.553,5.984,97.406,59.25,0.625,3.805,1.75,136.75
INST.JAUME CALLÍS,10.751,6.125,5.837,6.5,6.538,6.488,6.588,4.638,5.65,6.712,6.65,6.116,1.206,8.25,1.5,9.75,5.722,6.075,6.556,6.569,6.283,65.25,54.938,0.864,5.672,1.75,47.5
INST.VALLDEMOSSA,11.678,6.212,5.362,5.517,6.446,5.954,4.979,5.3,5.554,6.662,5.908,5.79,1.17,8.5,1.5,10.0,5.464,5.536,6.554,5.931,6.205,70.625,60.0,0.893,5.564,1.75,62.25
LESTONNAC-L'ENSENYANÇA TARRAGO,11.715,6.283,6.862,6.038,7.288,7.238,6.675,5.912,6.238,6.967,6.0,6.535,1.175,8.833,0.75,9.583,6.402,6.144,7.098,6.629,6.466,62.938,57.5,0.936,6.088,1.75,50.75
INST.MEDITERRANIA-MASNOU,10.654,6.725,4.331,4.562,7.088,6.081,4.925,3.913,4.275,5.819,6.15,5.387,2.055,6.75,3.25,10.0,4.974,4.419,6.453,6.116,5.939,71.625,52.5,0.728,4.441,1.75,99.0
AURA,11.598,5.989,6.378,4.767,6.467,4.111,6.2,5.967,5.9,6.022,3.933,5.573,1.561,8.222,1.778,10.0,6.133,5.333,6.244,4.022,6.349,73.0,60.0,0.831,5.328,1.667,69.667
INST.PREMIÀ DE MAR,11.084,6.217,6.1,5.633,7.0,6.767,5.567,4.633,5.267,5.667,6.2,5.905,1.392,7.833,2.167,10.0,5.629,5.45,6.333,6.483,6.634,74.0,59.0,0.853,5.76,1.667,60.0
INST.M E.INTERMUN.DEL PENEDES,11.369,4.421,4.15,4.458,4.542,5.129,4.45,4.64,4.215,6.41,5.985,4.245,1.394,5.0,3.708,8.708,3.813,3.99,4.692,4.917,4.405,58.5,35.25,0.52,3.352,1.667,112.333
"CERVETO, ESCOLA",11.273,5.792,5.7,5.286,6.658,3.686,5.57,5.32,5.57,6.842,4.175,5.455,1.727,6.805,3.028,9.833,5.617,5.428,6.75,3.931,6.209,79.125,56.75,0.75,4.762,1.667,96.333
SANT JOSEP OBRER,10.605,5.411,5.867,5.5,5.056,6.367,4.567,6.011,5.0,6.8,6.378,5.696,1.389,8.0,2.0,10.0,5.464,5.25,5.928,6.372,6.304,72.667,60.0,0.836,5.301,1.667,73.0
INST.JOAN BRUDIEU,10.875,4.233,5.533,4.817,4.133,5.617,6.9,7.025,5.35,6.625,7.375,4.822,1.083,6.5,1.833,8.333,4.896,4.442,4.275,5.6,4.749,61.0,40.0,0.651,4.445,1.667,78.667
INST.LES MARINES,10.61,4.433,4.917,4.967,5.983,5.583,5.067,4.15,4.317,6.167,3.633,4.922,1.58,6.333,3.667,10.0,4.642,4.642,6.075,4.608,5.843,90.0,60.0,0.694,4.094,1.667,128.667
INST.MENÉNDEZ Y PELAYO,11.602,5.067,5.8,5.417,5.15,6.467,4.933,5.55,4.883,6.833,5.067,5.517,1.258,6.667,3.333,10.0,5.338,5.15,5.992,5.767,6.298,80.5,60.0,0.786,5.055,1.667,97.667
INST.MARIUS TORRES,10.95,5.267,5.333,5.517,5.633,4.733,5.317,5.2,4.217,5.267,3.483,4.997,1.577,6.0,4.0,10.0,5.279,4.867,5.45,4.108,5.593,83.0,48.75,0.64,3.789,1.667,118.333
SANT GABRIEL-VILADECANS,11.136,5.433,4.333,4.483,4.833,5.95,4.367,4.433,4.55,6.75,6.0,5.113,1.425,7.0,3.0,10.0,4.642,4.517,5.792,5.975,5.497,70.75,52.0,0.737,4.148,1.667,106.667
"MONTSERRAT, COL·LEGI",10.876,6.133,5.85,5.083,5.7,5.917,5.9,6.3,5.283,5.617,6.5,5.828,0.935,7.833,2.167,10.0,6.046,5.183,5.658,6.208,5.915,63.0,49.0,0.784,5.09,1.667,72.0
INST.CAMBRILS,10.726,6.35,5.967,5.2,7.033,6.317,5.017,5.583,4.8,7.583,6.5,6.035,1.555,8.167,1.833,10.0,5.729,5.0,7.308,6.408,6.433,71.0,56.0,0.841,5.637,1.667,61.0
ESCOLA PIA DE SITGES,10.776,5.037,5.513,4.92,4.92,4.947,3.94,3.867,3.28,4.547,5.053,4.813,1.278,5.533,3.967,9.5,4.807,4.35,4.948,5.155,5.222,72.7,49.2,0.674,3.728,1.6,118.6
INST.MERCÈ RODOREDA,10.479,5.567,4.547,5.173,5.747,6.833,3.517,3.867,4.837,5.929,5.303,5.017,1.519,6.333,3.067,9.4,4.332,4.862,5.545,6.068,5.484,72.6,51.6,0.716,4.246,1.6,98.8
INST.PERE RIBOT,10.907,6.173,5.773,5.987,5.99,6.067,5.77,5.25,4.51,6.12,5.93,5.757,1.119,8.267,1.733,10.0,5.742,5.248,6.055,5.998,6.049,66.95,56.4,0.858,5.31,1.6,65.6
INST.ERNEST LLUCH,11.235,4.19,4.32,5.66,6.71,6.84,4.88,5.0,3.55,6.41,4.92,5.245,1.839,6.8,3.1,9.9,4.585,4.605,6.56,5.88,5.98,80.1,54.6,0.713,4.38,1.6,103.4
"ISABEL DE VILLENA, ESCOLA",10.075,4.85,4.29,4.05,5.54,5.205,4.525,3.3,3.881,4.906,5.244,4.416,1.229,5.65,3.35,9.0,4.085,3.738,5.122,5.05,4.429,69.075,41.1,0.583,3.186,1.6,130.0
ESCOLA PIA SANT ANTONI,12.062,5.78,5.34,5.66,6.65,6.41,5.15,4.92,5.137,5.86,5.912,5.593,1.332,6.8,2.5,9.3,5.235,5.35,6.325,5.78,5.358,58.05,42.0,0.693,4.551,1.6,85.4
"BON SALVADOR, COL.LEGI",11.94,5.72,5.97,5.78,6.42,6.8,5.67,4.77,5.16,5.9,5.82,5.801,1.017,9.0,1.0,10.0,5.532,5.47,6.16,6.31,6.074,67.2,60.0,0.917,5.605,1.6,60.8
INST.ALEXANDRE DEULOFEU,12.501,6.95,5.65,5.95,7.65,7.85,4.8,6.425,5.075,6.15,5.875,6.238,1.715,7.5,2.5,10.0,5.956,5.512,6.9,6.863,6.533,67.5,51.0,0.767,5.173,1.5,57.5
INST.MAREMAR,10.386,6.175,4.275,4.575,6.375,6.075,4.025,4.3,4.35,4.925,6.5,5.09,1.47,5.5,3.0,8.5,4.74,4.375,5.65,5.588,5.02,64.875,47.25,0.716,3.748,1.5,104.5
AGORA SANT CUGAT IS,11.17,5.538,5.488,5.212,6.675,5.462,6.038,5.562,5.325,7.012,6.212,5.853,1.236,7.75,2.25,10.0,5.656,5.269,6.844,5.838,6.237,72.75,59.25,0.835,5.272,1.5,76.5
INST.CREU DE SABA,10.578,1.85,2.025,3.75,4.775,5.3,5.3,4.55,4.45,5.15,3.35,3.673,1.79,3.0,5.0,8.0,2.287,3.862,4.925,4.325,3.872,91.5,36.0,0.378,2.025,1.5,164.0
INST.C.A.R.,8.7,2.925,2.2,2.275,4.7,1.325,,,2.5,1.7,2.3,2.565,1.763,0.75,5.0,5.75,2.562,2.175,4.412,0.95,1.899,46.5,9.0,0.175,0.378,1.5,185.5
INST.JOAN COROMINES-PINEDA,10.562,4.275,4.625,4.575,5.325,6.675,5.2,3.425,1.775,6.725,5.7,4.83,1.825,5.0,5.0,10.0,4.381,3.175,6.025,6.188,6.582,90.0,60.0,0.671,4.411,1.5,102.5
INST.ERMENGOL IV,10.9,5.025,5.625,5.175,6.575,5.775,3.925,5.025,4.8,6.675,6.15,5.475,1.192,7.25,2.75,10.0,4.9,4.988,6.625,5.962,5.744,66.0,49.125,0.762,4.497,1.5,78.5
INST.VALERIA PUJOL I BOSCH,10.537,5.55,5.525,4.775,4.225,5.375,4.75,4.05,4.3,5.175,6.75,5.047,1.292,6.75,3.25,10.0,4.969,4.538,4.7,6.062,5.788,83.625,60.0,0.752,4.365,1.5,112.5
INST.LA SEGARRA,11.268,5.9,6.275,5.375,6.7,7.875,7.35,6.275,6.55,6.45,7.3,6.605,1.025,9.75,0.25,10.0,6.45,5.962,6.575,7.588,6.646,61.5,60.0,0.977,6.509,1.5,37.5
INST.BAIX MONTSENY,10.802,6.5,4.775,5.95,4.95,5.6,5.5,5.075,6.075,6.45,7.875,5.875,1.17,7.0,3.0,10.0,5.462,6.012,5.7,6.738,6.605,78.0,60.0,0.812,5.516,1.5,66.5
LA SALLE MANLLEU,11.168,5.675,6.375,5.675,7.25,6.475,4.675,5.1,4.4,6.075,4.975,5.668,1.165,7.0,3.0,10.0,5.456,5.038,6.662,5.725,6.274,78.75,60.0,0.808,5.17,1.5,84.0
LA MERCED - BARCELONA,12.276,7.1,6.625,5.175,6.15,5.375,5.95,6.15,5.925,6.2,5.8,6.045,0.978,8.5,1.5,10.0,6.456,5.55,6.175,5.588,6.24,66.0,53.25,0.823,5.308,1.5,56.0
VEDRUNA-GIRONA,11.145,5.425,4.4,3.85,5.175,6.375,5.275,5.9,5.45,5.425,7.15,5.408,1.29,7.75,1.75,9.5,5.112,4.65,5.3,6.762,5.516,64.5,54.0,0.84,4.657,1.5,68.0
INST.GUILLEM DE BERGUEDA,11.204,4.725,4.2,5.05,4.25,5.1,5.575,5.025,4.8,6.2,3.425,4.835,1.58,7.5,2.5,10.0,4.882,4.925,5.225,4.262,5.657,75.75,60.0,0.806,4.56,1.5,108.0
INST.LA LLAUNA,11.252,5.275,4.075,5.525,6.425,5.3,4.6,4.85,5.925,6.7,4.7,5.338,1.185,7.0,3.0,10.0,4.7,5.725,6.562,5.0,5.793,78.75,60.0,0.78,4.556,1.5,110.0
INST.JOSEP PLA,10.861,5.625,5.05,4.1,4.175,7.1,3.85,3.15,2.75,4.35,4.925,4.6,1.832,5.25,4.25,9.5,4.588,3.425,4.262,6.012,5.142,72.0,43.875,0.594,3.294,1.5,124.0
INST.JOSEP VALLVERDÚ,11.302,7.075,5.85,5.575,7.525,5.8,5.6,5.275,6.3,7.8,6.25,6.305,1.275,9.5,0.5,10.0,5.95,5.938,7.662,6.025,6.389,63.0,60.0,0.958,6.134,1.5,41.0
SIL,11.695,4.55,4.475,4.325,4.85,4.775,5.55,3.5,4.95,5.15,3.3,4.098,0.848,6.25,2.5,8.75,4.037,4.025,4.438,3.95,4.184,57.375,39.0,0.613,3.52,1.5,101.5
ESCOLA PIA DE SABADELL,10.704,7.15,6.4,5.975,5.55,7.075,7.025,4.35,5.2,5.275,6.575,6.058,1.297,8.5,1.5,10.0,6.231,5.588,5.412,6.825,6.208,65.625,52.5,0.841,5.604,1.5,65.0
INST.CASTELLBISBAL,11.157,4.6,4.625,5.0,5.9,5.675,4.05,4.05,4.25,4.7,5.0,4.822,1.128,6.0,3.25,9.25,4.456,4.625,5.325,5.338,5.271,70.5,49.5,0.698,3.908,1.5,127.5
INST.OLIVAR GRAN,11.195,5.35,3.975,5.7,5.9,5.95,4.3,3.35,3.725,4.125,6.425,4.88,1.32,5.0,5.0,10.0,4.244,4.712,5.012,6.188,4.938,60.0,30.0,0.5,3.599,1.5,105.5
INST.PERE BORRELL,10.988,5.725,5.65,6.225,7.525,5.975,4.725,6.4,5.55,5.425,6.55,5.975,1.237,7.5,2.5,10.0,5.625,5.888,6.475,6.262,6.442,74.25,60.0,0.839,5.411,1.5,74.5
GRANES,10.3,3.125,5.85,6.175,6.05,6.225,4.225,3.9,4.025,3.625,3.95,4.715,2.45,6.5,3.5,10.0,4.275,5.1,4.838,5.088,6.252,95.25,60.0,0.699,4.41,1.5,111.5
INST.JOAN FUSTER,8.309,2.775,2.075,2.025,2.325,0.95,0.0,5.6,0.5,2.2,5.3,1.91,1.36,1.0,5.5,6.5,2.194,1.612,1.712,1.612,1.758,71.25,16.5,0.166,0.863,1.5,171.0
"EMPORDÀ, C.E. - SANT JOSEP",11.285,5.95,5.2,5.325,5.95,3.625,5.7,5.1,3.5,5.925,3.725,5.0,1.382,7.0,3.0,10.0,5.488,4.412,5.938,3.675,5.591,78.0,52.5,0.686,3.981,1.5,126.0
INST.BOSC DE LA COMA,11.566,6.3,6.2,6.3,7.675,7.2,7.45,6.65,6.35,7.7,6.175,6.8,1.132,9.0,1.0,10.0,6.65,6.325,7.688,6.688,7.15,66.0,60.0,0.928,6.686,1.5,21.5
ESCOLA PIA DE GRANOLLERS,10.798,6.0,5.733,5.15,5.517,5.517,5.1,4.608,7.289,6.989,3.825,5.378,1.667,7.0,2.5,9.5,5.36,5.646,5.379,4.671,5.656,68.125,49.5,0.744,4.617,1.5,89.0
SANT GABRIEL-TORROELLA,9.926,6.325,5.85,4.8,6.775,4.05,4.525,3.375,4.975,4.875,6.15,5.17,1.525,7.25,2.75,10.0,5.018,4.887,5.825,5.1,5.935,76.125,60.0,0.803,4.85,1.5,80.0
INST.GABRIEL FERRATER I SOLER,11.111,5.514,5.414,5.047,5.055,4.667,4.25,4.51,4.328,5.227,5.083,4.808,1.284,6.917,2.639,9.556,4.876,4.687,4.947,4.821,4.99,67.958,47.667,0.714,4.135,1.5,106.333
INST.BAIX PENEDÈS,11.567,4.55,5.775,6.875,7.5,4.175,6.4,5.825,5.65,7.0,4.525,5.828,1.435,7.75,2.25,10.0,5.638,6.262,7.25,4.35,6.444,76.5,60.0,0.826,5.441,1.5,80.5
BON SOLEIL,11.534,4.362,3.738,4.25,4.688,3.412,5.267,5.1,4.0,4.283,5.775,4.044,1.084,4.0,4.0,8.0,4.186,3.731,4.225,3.681,4.242,71.062,37.5,0.509,2.837,1.5,136.5
LLOR,11.418,4.267,4.725,4.825,5.892,5.858,4.0,4.733,5.134,6.244,5.45,5.029,1.483,5.75,3.0,8.75,4.342,4.783,6.163,5.654,4.604,63.375,42.0,0.653,3.417,1.5,116.25
INST.JOAN BOSCÀ,11.189,6.625,5.075,5.675,6.887,7.087,4.988,5.9,5.788,5.725,5.625,5.938,1.374,8.0,2.0,10.0,5.647,5.731,6.306,6.356,6.357,74.438,54.562,0.803,5.259,1.5,61.75
INST.MONTILIVI,11.19,3.8,4.25,4.9,5.65,7.25,5.1,2.9,4.2,5.675,5.45,4.918,1.63,7.0,3.0,10.0,4.012,4.55,5.662,6.35,5.934,90.75,60.0,0.747,4.531,1.5,106.0
INST.CIRVIANUM DE TORELLO,11.485,5.875,5.25,4.95,7.2,6.45,6.175,5.025,3.625,6.325,6.775,5.765,1.34,8.0,2.0,10.0,5.582,4.288,6.762,6.612,5.776,60.0,48.0,0.8,4.86,1.5,69.0
GOAR,10.577,5.9,4.575,4.6,4.1,5.425,5.0,4.65,3.6,5.175,4.75,4.68,1.71,6.25,2.5,8.75,4.838,4.15,4.637,5.088,4.607,61.5,41.625,0.656,3.413,1.5,111.0
INST.VIL.LA ROMANA,12.26,8.625,7.55,7.275,8.15,8.575,6.75,5.95,5.95,7.175,6.725,7.272,1.405,10.0,0.0,10.0,7.219,6.612,7.662,7.65,7.261,60.0,60.0,1.0,7.261,1.5,8.0
FERT,10.702,4.112,3.325,4.825,4.55,4.65,4.512,5.6,4.667,4.988,5.867,4.511,1.252,4.75,4.5,9.25,4.19,4.675,4.769,4.65,5.331,82.125,49.5,0.612,3.518,1.5,126.0
INST.PERE BARNILS,11.5,4.9,5.1,5.825,7.175,8.4,5.55,4.925,4.675,6.7,6.775,6.002,1.418,8.0,2.0,10.0,5.119,5.25,6.938,7.588,6.454,72.0,60.0,0.842,5.446,1.5,62.5
JOAN XXIII - HOSPITALET LL,10.561,5.22,5.507,4.767,5.72,4.507,6.933,6.5,5.908,7.608,5.317,5.413,1.673,6.8,2.2,9.0,5.613,4.947,6.423,4.47,5.899,66.7,50.4,0.744,4.944,1.4,91.0
EDUCEM II,10.93,3.32,3.9,3.74,4.29,4.2,3.312,3.367,3.3,4.538,3.575,3.433,1.441,3.4,5.2,8.6,3.103,3.36,3.96,3.56,3.942,76.8,36.45,0.434,2.232,1.4,154.4
PADRE DAMIAN-SAGRADOS CORAZONE,10.817,5.36,5.22,4.49,5.21,5.1,4.04,4.42,5.26,5.54,5.09,4.934,1.24,5.7,4.1,9.8,4.704,4.76,5.375,5.095,5.909,86.7,57.15,0.701,4.279,1.4,107.4
VEDRUNA-SAGRAT COR,11.07,5.8,5.2,5.24,5.987,6.747,6.15,4.788,7.125,5.24,5.46,5.379,1.383,5.933,3.133,9.067,4.895,5.48,5.513,5.983,5.143,63.6,37.1,0.603,4.433,1.4,98.8
CARDENAL SPíNOLA-ABAT OLIBA,11.63,6.683,6.467,5.633,7.083,5.533,5.167,6.05,5.017,6.833,6.45,6.092,1.515,8.833,1.167,10.0,6.092,5.325,6.958,5.992,6.371,73.0,60.0,0.851,5.481,1.333,70.0
TERRAFERMA,11.164,5.183,3.95,3.367,5.5,3.183,3.333,3.0,3.85,5.3,3.4,3.95,1.368,3.5,5.667,9.167,3.903,3.608,5.433,3.017,4.862,87.5,49.0,0.564,2.849,1.333,151.0
ST. GEORGE'S SCHOOL,11.105,4.517,4.283,4.467,5.617,4.883,7.2,6.3,4.883,5.35,5.35,5.117,1.258,6.333,3.333,9.667,5.154,4.675,5.483,5.117,5.529,80.0,52.75,0.665,3.996,1.333,127.333
INST.PERE VIVES VICH,11.044,5.95,3.967,5.867,6.233,6.433,6.7,4.6,5.4,7.067,7.7,5.612,1.577,7.0,2.167,9.167,4.896,5.508,6.067,6.692,5.38,55.0,42.0,0.7,4.574,1.333,96.0
STEL.LA,11.206,6.217,5.283,5.133,5.317,4.717,3.95,5.2,5.017,6.367,5.967,5.317,1.183,7.5,2.5,10.0,5.163,5.075,5.842,5.342,5.98,79.0,60.0,0.814,4.934,1.333,92.0
SAGRADA FAMÍLIA COL DIOCESÀ,10.566,3.383,5.383,5.517,5.467,3.883,5.425,4.367,3.333,4.2,5.217,4.573,1.33,4.333,5.333,9.667,4.562,4.425,4.833,4.55,5.156,82.5,46.0,0.553,3.072,1.333,143.0
PALCAM,10.198,6.783,6.483,4.583,5.75,5.117,5.25,4.983,6.117,4.967,5.233,5.527,1.305,7.833,2.167,10.0,5.875,5.35,5.358,5.175,5.717,65.25,50.5,0.779,4.628,1.333,88.667
INST.MOIANES,10.735,6.233,5.317,5.5,5.617,7.383,4.617,5.65,5.475,7.825,7.0,5.887,1.598,7.667,1.333,9.0,5.236,5.192,5.95,7.192,5.748,60.5,52.5,0.87,5.202,1.333,60.333
FEDAC-HORTA,11.222,7.267,6.25,5.833,7.25,6.45,6.617,6.15,6.267,6.967,7.0,6.605,1.045,9.667,0.333,10.0,6.571,6.05,7.108,6.725,6.666,62.0,60.0,0.97,6.485,1.333,37.0
INST.EMPERADOR CARLES,11.311,5.05,5.8,4.517,5.55,5.983,5.925,6.05,5.95,8.025,6.725,5.262,1.15,6.167,2.167,8.333,5.067,4.642,5.783,5.75,4.735,63.0,40.0,0.628,4.382,1.333,84.0
MESTRAL - SANT FELIU,11.022,4.167,4.633,4.633,4.183,4.733,4.717,5.033,3.433,4.95,5.417,4.59,1.4,5.667,4.333,10.0,4.638,4.033,4.567,5.075,5.349,101.0,46.5,0.569,3.323,1.333,127.333
INST.MILA I FONTANALS-VILAFR.,10.78,4.917,5.45,5.817,4.8,6.0,4.567,3.867,4.417,5.467,5.633,5.093,1.32,7.333,2.667,10.0,4.7,5.117,5.133,5.817,5.878,79.25,60.0,0.804,4.777,1.333,96.667
INST.ELS TRES TURONS,10.972,4.967,4.617,4.833,4.95,6.117,5.6,5.225,5.075,6.25,7.925,4.997,1.167,6.0,2.333,8.333,4.65,4.675,4.925,6.083,4.936,64.75,42.0,0.639,4.0,1.333,89.0
VEDRUNA-PALAMóS,12.114,5.483,5.7,6.25,6.183,6.033,4.433,3.667,5.3,5.8,5.9,5.545,1.438,8.0,1.833,9.833,4.947,5.775,5.992,5.967,5.478,62.0,50.0,0.818,4.828,1.333,80.0
MARISTES GIRONA,11.464,7.1,5.617,6.517,5.467,5.317,4.717,6.167,6.5,5.867,4.65,5.792,1.338,8.333,1.667,10.0,5.9,6.508,5.667,4.983,6.031,64.0,53.5,0.841,5.21,1.333,61.333
INST.ANGELETA FERRER I SENSAT,11.025,5.233,5.083,4.1,5.5,3.6,5.633,4.833,5.3,7.333,7.1,4.867,1.515,5.667,3.5,9.167,4.862,4.15,5.775,4.683,5.889,73.0,50.0,0.675,4.838,1.333,92.333
MARISTES MONTSERRAT,11.251,4.967,5.217,4.55,4.833,6.7,6.267,5.6,6.0,5.317,5.933,5.437,1.357,7.333,2.167,9.5,5.317,5.15,5.075,6.317,5.477,70.0,53.0,0.76,4.552,1.333,111.0
LA SALLE GIRONA,10.145,5.8,5.817,5.033,5.6,4.55,6.267,5.767,6.033,4.3,6.95,5.612,1.385,7.833,2.167,10.0,5.912,5.533,4.95,5.75,6.426,73.75,60.0,0.823,5.348,1.333,78.0
ESCOLA PIA BALMES,10.86,5.05,4.35,4.65,4.75,4.4,5.133,5.267,5.083,4.633,4.633,4.795,0.945,6.333,3.667,10.0,4.95,4.867,4.692,4.517,5.659,84.5,60.0,0.762,4.321,1.333,104.667
"MERITXELL, ESCOLA",10.9,5.133,6.65,5.05,6.033,3.867,6.625,6.35,6.75,6.25,6.65,5.832,1.273,6.833,2.167,9.0,6.104,5.508,6.142,4.817,5.825,68.25,53.5,0.798,4.769,1.333,83.667
SANTO ANGEL - GAVÀ,11.431,6.55,6.067,6.383,6.833,7.2,6.15,5.017,5.6,6.583,6.467,6.285,0.967,10.0,0.0,10.0,5.946,5.992,6.708,6.833,6.282,60.0,60.0,1.0,6.282,1.333,29.667
INST.NARCÍS OLLER,11.208,4.75,4.75,4.367,5.1,5.15,5.225,4.7,5.85,4.7,6.45,4.707,1.272,5.667,2.667,8.333,4.704,4.333,4.833,4.958,4.492,56.75,40.0,0.599,3.615,1.333,100.0
INST.JOAN MERCADER,10.467,4.433,4.617,5.033,5.683,5.617,4.733,4.0,5.067,5.783,5.983,5.072,1.067,6.0,3.667,9.667,4.405,5.017,5.733,5.8,5.22,74.0,40.5,0.63,3.66,1.333,94.667
INST.RAMON MUNTANER,11.133,6.317,6.567,6.383,6.65,6.8,6.817,6.467,7.183,7.567,7.317,6.807,0.913,9.333,0.667,10.0,6.542,6.783,7.108,7.058,6.995,64.0,60.0,0.952,6.666,1.333,25.333
INST.LA SEDETA,10.526,3.4,4.788,4.55,4.613,4.412,4.367,4.7,4.083,5.45,6.417,4.122,1.086,5.5,3.25,8.75,3.797,3.981,4.35,4.688,4.741,64.125,45.0,0.612,3.844,1.25,111.0
DAINA ISARD,11.138,6.062,4.587,4.662,7.175,6.663,6.1,5.6,4.875,6.613,4.6,5.658,1.668,6.625,3.125,9.75,5.41,4.769,6.894,5.631,6.552,78.75,57.0,0.759,5.138,1.25,92.5
MESTRAL - JORBA,11.354,6.512,5.9,5.775,5.95,6.575,6.3,4.712,5.188,5.012,5.475,5.74,1.094,8.5,1.5,10.0,5.856,5.481,5.481,6.025,6.016,65.812,56.625,0.867,5.251,1.25,64.25
INST.ABAT OLIBA,10.868,4.863,4.325,5.175,6.45,6.638,4.5,4.675,3.675,5.125,5.15,4.905,1.589,5.75,3.625,9.375,4.266,4.356,5.725,5.912,5.476,71.438,48.0,0.669,3.951,1.25,107.5
SANTA TERESA DE LISIEUX,10.628,4.625,4.812,4.35,4.888,3.388,4.225,5.425,5.225,5.975,6.225,4.721,1.295,5.0,4.375,9.375,4.669,4.644,5.188,4.438,5.874,90.0,53.25,0.676,4.161,1.25,103.75
INST.M MIQUEL BIADA,10.665,5.425,4.338,4.763,5.475,4.988,4.633,5.85,3.25,6.883,4.35,4.789,1.723,5.875,3.375,9.25,4.906,4.006,5.706,4.669,5.29,73.5,49.5,0.686,4.034,1.25,102.75
INST.JULIO ANTONIO,10.503,4.837,4.925,4.925,6.262,5.862,5.175,4.112,4.212,5.9,3.225,4.944,1.5,6.375,3.625,10.0,4.762,4.569,6.081,4.544,5.693,83.812,48.562,0.655,3.921,1.25,115.0
PUIGCERVER,10.963,4.362,4.475,4.25,5.6,5.338,4.133,4.567,4.567,6.45,6.217,4.764,1.35,5.0,3.625,8.625,4.104,4.4,5.706,5.462,4.364,67.5,37.312,0.544,3.338,1.25,115.75
ESCOLA PIA DE CALDES DE MONTB.,11.236,5.75,5.475,5.262,6.738,6.275,4.6,4.5,4.6,5.525,5.587,5.431,1.306,6.625,3.375,10.0,5.081,4.931,6.131,5.931,6.089,87.75,55.5,0.712,4.514,1.25,89.5
VEDRUNA-GRÀCIA,10.562,4.64,4.66,5.22,5.59,3.8,5.92,5.26,5.38,5.06,5.78,5.131,1.417,6.6,3.4,10.0,5.12,5.3,5.325,4.79,6.006,84.6,60.0,0.734,4.427,1.2,113.6
INST.SAMUEL GILI I GAYA,10.943,4.12,5.24,4.63,5.56,3.45,5.34,5.01,4.0,6.11,4.67,4.813,1.434,6.4,3.6,10.0,4.928,4.315,5.835,4.06,5.908,84.3,60.0,0.758,4.486,1.2,103.8
PROA,10.847,4.783,4.467,4.417,5.0,4.042,6.15,5.467,5.8,5.333,5.867,4.452,1.182,4.333,3.167,7.5,4.581,4.4,4.608,4.087,3.756,63.75,34.0,0.519,2.926,1.167,124.0
INST.CASTELL DEL QUER,12.802,6.3,7.6,7.9,8.8,10.0,7.2,5.1,5.2,5.0,7.8,7.09,1.68,10.0,0.0,10.0,6.55,6.55,6.9,8.9,7.16,60.0,60.0,1.0,7.16,1.0,16.0
INST.SÒL DE RIU,10.364,2.5,3.3,5.9,3.1,5.0,2.1,3.9,1.5,3.0,6.4,3.67,1.62,3.0,7.0,10.0,2.95,3.7,3.05,5.7,4.982,118.5,42.0,0.354,1.766,1.0,174.0
INST.ESTELA IBÈRICA,11.144,6.15,4.65,4.5,5.8,5.4,3.95,3.25,2.75,5.7,3.4,4.555,1.42,5.0,5.0,10.0,4.5,3.625,5.75,4.4,4.962,72.75,41.25,0.538,2.824,1.0,147.5
INST.LA SERRA,11.416,5.2,6.7,8.0,8.1,7.4,7.0,5.3,5.5,6.6,6.0,6.58,1.07,10.0,0.0,10.0,6.05,6.75,7.35,6.7,6.565,60.0,60.0,1.0,6.565,1.0,32.0
INST.PRÍNCEP DE VIANA,11.468,5.8,5.7,6.5,8.8,7.9,5.4,4.7,4.0,4.3,6.0,5.91,1.52,7.0,3.0,10.0,5.4,5.25,6.55,6.95,6.488,76.5,60.0,0.784,5.088,1.0,80.0
INST.MONTSORIU,10.962,3.3,4.4,5.0,6.0,6.5,6.1,4.2,5.0,3.4,6.0,4.99,1.15,6.0,4.0,10.0,4.5,5.0,4.7,6.25,5.835,82.5,60.0,0.727,4.244,1.0,117.0
MONTCAU-LA MOLA,12.864,7.1,8.7,7.9,6.7,6.5,8.3,6.5,6.6,6.4,7.3,7.2,0.83,10.0,0.0,10.0,7.65,7.25,6.55,6.9,7.222,60.0,60.0,1.0,7.222,1.0,10.0
INST.JOAQUIM BLUME,10.597,4.45,4.25,3.95,6.4,5.5,5.85,5.4,5.8,5.85,6.95,5.44,1.15,7.5,2.5,10.0,4.988,4.875,6.125,6.225,6.308,75.0,60.0,0.812,5.122,1.0,73.5
INST.CASSÀ DE LA SELVA,11.109,4.567,5.067,4.767,5.233,3.5,5.75,3.85,5.8,5.9,5.8,4.59,1.537,5.0,3.0,8.0,4.283,5.0,5.233,3.267,4.426,65.5,37.5,0.555,3.292,1.0,104.333
INST.LES PLANES - STA.BÀRBARA,11.272,6.4,7.4,6.5,6.6,8.5,8.0,5.0,6.2,5.0,7.9,6.75,1.2,10.0,0.0,10.0,6.7,6.35,5.8,8.2,6.823,60.0,60.0,1.0,6.823,1.0,25.0
INST.ESCOLA INDUSTRIAL,11.636,7.65,8.6,7.1,7.05,8.45,8.35,7.0,6.65,6.6,8.2,7.565,1.145,10.0,0.0,10.0,7.9,6.875,6.825,8.325,7.605,60.0,60.0,1.0,7.605,1.0,6.5
INST.DANIEL BLANXART I PEDRALS,11.212,3.7,3.5,6.6,7.3,6.1,3.9,4.1,3.0,5.0,7.3,5.05,1.64,5.0,5.0,10.0,3.8,4.8,6.15,6.7,6.217,90.0,60.0,0.667,4.145,1.0,127.0
INST.ANTONI CUMELLA,10.434,2.2,5.6,3.9,5.0,6.4,7.2,6.2,5.0,5.2,3.8,5.05,1.46,7.0,3.0,10.0,5.3,4.45,5.1,5.1,6.175,79.5,60.0,0.755,4.66,1.0,106.0
INST.M E.MUNICIPAL DEL TREBALL,9.929,4.7,3.95,5.55,6.1,7.85,4.2,3.65,3.05,4.65,5.95,4.965,1.68,6.5,3.5,10.0,4.125,4.3,5.375,6.9,6.063,89.25,60.0,0.698,4.243,1.0,109.5
TURBULA,10.904,5.4,2.85,7.3,3.2,6.7,3.6,6.5,5.1,5.0,6.9,2.93,0.56,4.5,1.5,6.0,2.65,6.2,2.85,6.8,3.144,39.0,30.0,0.454,2.858,1.0,127.5
MARE DE DEU DE L'ASSUMPCIO,10.21,6.3,5.1,5.7,5.1,6.0,5.0,3.6,5.7,5.4,5.5,5.34,0.74,9.0,1.0,10.0,5.0,5.7,5.25,5.75,5.552,66.0,60.0,0.909,5.048,1.0,80.0
SANTISSIMA TRINITAT,11.462,2.5,2.5,5.0,6.0,4.7,3.7,1.9,3.5,6.0,4.6,4.04,1.46,3.0,7.0,10.0,2.65,4.25,6.0,4.65,5.94,115.5,60.0,0.519,3.086,1.0,162.0
INST.VICENÇ PLANTADA,10.166,5.0,5.8,7.0,7.8,6.0,4.4,5.8,8.1,5.5,3.0,5.84,1.54,8.0,2.0,10.0,5.25,7.55,6.65,4.5,6.583,73.5,60.0,0.816,5.373,1.0,85.0
INST.VALLÈS,9.994,5.0,6.1,5.5,6.0,6.6,4.5,4.6,5.8,2.8,5.0,5.19,1.08,7.0,3.0,10.0,5.05,5.65,4.4,5.8,5.748,76.5,60.0,0.784,4.508,1.0,106.0
INST.JAUME HUGUET,12.178,6.8,5.6,7.3,8.2,8.3,7.8,5.5,5.6,6.4,5.8,6.73,1.11,10.0,0.0,10.0,6.425,6.45,7.3,7.05,6.715,60.0,60.0,1.0,6.715,1.0,29.0
INST.LA ROCA DEL VALLÈS,12.526,8.6,4.4,4.6,7.7,5.5,4.0,5.3,7.0,7.1,6.0,6.02,1.53,7.0,3.0,10.0,5.575,5.8,7.4,5.75,5.992,60.0,42.0,0.7,4.195,1.0,69.0
INST.CAMÍ DE MAR,10.536,6.3,5.2,6.0,6.9,6.7,6.0,5.4,5.0,5.0,8.1,6.06,0.99,10.0,0.0,10.0,5.725,5.5,5.95,7.4,6.137,60.0,60.0,1.0,6.137,1.0,40.0
INST.M LA VALL DE TENES,11.479,4.35,4.65,5.2,6.4,5.65,4.6,2.5,5.1,5.0,5.35,4.85,1.935,4.5,4.0,8.5,3.838,5.225,6.4,5.5,5.041,70.5,45.75,0.635,3.255,1.0,125.0
INST.RAFAEL DE CAMPALANS,10.896,3.5,0.8,3.9,3.0,5.5,,,,,0.0,2.78,2.04,1.0,5.0,6.0,2.15,3.9,3.0,2.75,1.29,49.5,6.0,0.121,0.156,1.0,176.0
INST.MONTSACOPA,10.006,5.7,2.1,3.8,7.0,3.4,1.7,,,6.1,5.5,4.41,1.95,4.0,4.0,8.0,3.167,3.8,6.55,4.45,4.195,60.0,36.0,0.6,2.517,1.0,137.0
SANT NICOLAU,11.254,6.4,4.5,4.4,6.1,7.2,2.8,,,0.7,2.2,4.29,2.26,3.0,5.0,8.0,4.567,4.4,3.4,4.7,4.058,60.0,30.0,0.5,2.029,1.0,153.0
INST.CAN PEIXAUET,8.522,6.0,2.6,4.6,7.0,6.9,0.0,1.9,0.9,1.4,4.4,3.57,2.56,3.0,7.0,10.0,2.625,2.75,4.2,5.65,3.645,60.0,18.0,0.3,1.094,1.0,172.0
LES ALZINES,12.516,6.1,5.0,6.0,7.7,1.6,5.0,5.0,5.7,5.2,5.0,5.23,1.53,9.0,1.0,10.0,5.275,5.85,6.45,3.3,5.615,66.0,60.0,0.909,5.105,1.0,38.0
INST.GALLECS,10.154,0.0,5.4,2.2,0.2,7.0,,2.3,,,1.8,2.7,2.6,2.0,5.0,7.0,2.567,2.2,0.2,4.4,3.165,55.5,24.0,0.432,1.369,1.0,170.0
FEDAC-LLEIDA,13.24,9.4,7.1,7.1,9.1,9.4,6.6,5.7,5.0,8.0,6.2,7.36,1.57,10.0,0.0,10.0,7.2,6.05,8.55,7.8,7.315,60.0,60.0,1.0,7.315,1.0,7.0
INST.MIG-MON,10.334,7.4,3.4,4.4,5.4,6.2,2.6,3.8,3.1,5.0,5.0,4.63,1.48,5.0,5.0,10.0,4.3,3.75,5.2,5.6,4.89,66.0,36.0,0.545,2.667,1.0,130.0
ÀGORA MASIA BACH. C.E.,9.66,5.8,5.2,4.3,5.0,6.8,5.3,2.5,3.5,3.1,5.1,4.66,1.31,6.0,4.0,10.0,4.7,3.9,4.05,5.95,4.71,60.0,37.5,0.625,2.944,1.0,123.0
VALLDAURA,8.754,4.4,2.0,5.3,5.1,6.3,1.3,,,0.9,5.8,3.89,2.15,4.0,4.0,8.0,2.567,5.3,3.0,6.05,3.232,48.0,25.5,0.531,1.717,1.0,168.0
LA SALLE-MOLLERUSSA,10.224,5.0,5.0,8.0,7.1,7.7,5.0,7.1,8.0,6.2,8.3,6.74,1.34,10.0,0.0,10.0,5.525,8.0,6.65,8.0,6.792,60.0,60.0,1.0,6.792,1.0,26.0
INST.EL CALAMOT,12.528,7.7,6.1,7.3,8.5,9.0,6.1,5.4,8.3,5.2,6.0,6.96,1.37,10.0,0.0,10.0,6.325,7.8,6.85,7.5,6.98,60.0,60.0,1.0,6.98,1.0,12.0
"PIVE, COL.LEGI",10.22,5.6,4.7,4.0,5.6,0.1,5.0,1.5,1.2,5.3,1.1,3.41,2.17,4.0,6.0,10.0,4.2,2.6,5.45,0.6,3.375,66.0,22.5,0.341,1.151,1.0,176.0
INST.ERNEST LLUCH I MARTÍN,10.02,3.4,1.6,1.6,5.0,0.8,1.5,0.0,1.0,4.0,5.9,2.48,1.97,2.0,8.0,10.0,1.625,1.3,4.5,3.35,2.968,66.0,19.5,0.295,0.877,1.0,183.0
INST.CAP NORFEU,10.628,5.5,3.9,3.3,3.2,2.2,4.2,1.8,1.5,6.0,5.6,3.72,1.62,3.0,7.0,10.0,3.85,2.4,4.6,3.9,4.47,72.0,30.0,0.417,1.863,1.0,155.0
"BETLEM, ESCOLES",9.696,1.6,2.5,4.5,5.1,3.9,3.3,,2.0,3.5,1.2,3.07,1.33,1.0,8.0,9.0,2.467,3.25,4.3,2.55,3.193,66.0,12.0,0.182,0.58,1.0,190.0
"SANT ANTONI DE PADUA, COL.LEGI",13.356,7.0,8.5,7.0,8.7,8.6,7.9,6.3,5.0,6.6,8.0,7.36,1.2,10.0,0.0,10.0,7.425,6.0,7.65,8.3,7.395,60.0,60.0,1.0,7.395,1.0,5.0
INST.TARADELL,11.318,7.0,3.9,3.7,6.4,5.6,2.1,5.0,2.9,5.8,8.2,5.06,1.91,6.0,4.0,10.0,4.5,3.3,6.1,6.9,5.55,72.0,48.0,0.667,3.7,1.0,88.0
INST.JOSEP PUIG I CADAFALCH,12.428,5.0,5.0,5.1,5.0,0.9,0.0,5.4,5.4,5.8,2.8,4.04,2.07,7.0,3.0,10.0,3.85,5.25,5.4,1.85,3.965,60.0,40.5,0.675,2.676,1.0,167.0
INST.MEDITERRÀNIA-CASTELLDEFEL,12.578,7.3,5.0,7.3,7.7,7.5,7.0,6.1,6.0,5.0,9.2,6.81,1.3,10.0,0.0,10.0,6.35,6.65,6.35,8.35,6.915,60.0,60.0,1.0,6.915,1.0,13.0
ANNA RAVELL,10.038,6.4,5.2,2.7,5.3,6.5,0.0,0.0,0.4,4.5,1.1,3.21,2.67,4.0,6.0,10.0,2.9,1.55,4.9,3.8,3.125,60.0,24.0,0.4,1.25,1.0,173.0
INST.CANIGÓ,10.038,6.7,5.7,3.1,7.0,3.8,3.3,5.8,6.1,5.0,5.1,5.16,1.37,7.0,3.0,10.0,5.375,4.6,6.0,4.45,5.942,72.0,54.0,0.75,4.457,1.0,60.0
INST.PUIG  CASTELLAR,9.746,5.2,5.3,2.8,6.5,2.8,4.0,4.0,3.7,3.2,5.0,4.25,1.22,4.0,6.0,10.0,4.625,3.25,4.85,3.9,4.295,60.0,25.5,0.425,1.825,1.0,156.0
INST.JOANOT MARTORELL,11.25,6.0,3.6,4.4,6.3,8.0,3.4,5.2,3.2,5.0,5.6,5.07,1.5,6.0,4.0,10.0,4.55,3.8,5.65,6.8,5.085,60.0,36.0,0.6,3.051,1.0,120.0
INST.PUIG DE LA CREU,11.702,10.0,9.8,10.0,9.5,7.7,5.5,10.0,5.0,7.1,7.4,8.2,1.93,10.0,0.0,10.0,8.825,7.5,8.3,7.55,8.208,60.0,60.0,1.0,8.208,1.0,4.0
INST.ITACA,10.469,4.15,2.95,4.55,4.8,5.1,3.65,5.0,3.75,6.3,5.05,4.42,1.235,5.5,4.0,9.5,3.554,4.15,5.55,5.075,4.454,60.0,35.25,0.588,3.264,1.0,115.5
SANT JOSEP - REUS,11.964,5.9,2.4,3.0,3.0,5.2,1.1,0.6,1.7,3.2,3.9,3.0,1.68,2.0,8.0,10.0,2.5,2.35,3.1,4.55,5.905,126.0,60.0,0.476,2.812,1.0,155.0
INST.HUG ROGER III,12.006,4.5,5.6,5.9,8.0,6.5,5.2,5.2,2.7,5.1,8.4,5.71,1.65,8.0,2.0,10.0,5.125,4.3,6.55,7.45,6.142,72.0,60.0,0.833,5.119,1.0,77.0
INST.PERE FONTDEVILA,10.642,2.8,5.0,3.7,5.0,2.4,5.6,3.5,5.0,6.5,5.8,4.53,1.36,6.0,4.0,10.0,4.225,4.35,5.75,4.1,5.602,84.0,60.0,0.714,4.002,1.0,111.0
INST.FORAT DEL VENT,11.586,6.0,6.4,5.6,7.1,5.0,4.6,4.5,4.5,5.4,5.8,5.49,0.87,7.0,3.0,10.0,5.375,5.05,6.25,5.4,6.01,78.0,60.0,0.769,4.623,1.0,104.0
SANT PAU APÒSTOL,12.703,6.15,7.6,6.3,7.1,6.65,6.7,4.0,5.2,6.0,7.45,6.315,1.705,8.5,1.5,10.0,6.112,5.75,6.55,7.05,6.701,69.0,60.0,0.885,5.94,1.0,48.5
INST.JOAQUIM MIR,10.425,5.65,4.2,5.7,7.2,5.1,6.8,5.15,4.7,6.55,6.7,5.775,1.355,9.0,1.0,10.0,5.45,5.2,6.875,5.9,5.778,60.0,54.0,0.9,5.21,1.0,53.5
INST.INFANTA ISABEL D'ARAGÓ,11.246,7.5,5.9,6.9,6.5,5.0,6.5,5.0,6.6,5.0,6.5,6.14,0.88,10.0,0.0,10.0,6.225,6.75,5.75,5.75,6.177,60.0,60.0,1.0,6.177,1.0,37.0
INST.LA BISBAL,12.238,7.2,7.5,6.1,6.5,7.8,6.6,6.1,5.0,5.3,5.7,6.38,0.92,10.0,0.0,10.0,6.85,5.55,5.9,6.75,6.39,60.0,60.0,1.0,6.39,1.0,35.0
INST.GELIDA,11.304,2.5,2.2,4.1,5.3,0.6,2.9,2.4,1.4,5.9,2.1,2.94,1.68,2.0,8.0,10.0,2.5,2.75,5.6,1.35,5.818,121.5,60.0,0.494,2.873,1.0,165.0
INST.ELS PLANELLS,11.236,4.5,4.3,4.9,4.9,5.6,7.6,5.0,8.0,8.8,8.4,4.985,1.18,5.0,2.5,7.5,4.138,5.4,5.5,5.75,3.775,60.0,30.0,0.5,3.63,1.0,98.0
INST.JOAN COROMINES-BARCELONA,9.976,1.9,3.0,2.7,2.2,1.1,,,,,0.3,1.87,1.01,0.0,6.0,6.0,2.45,2.7,2.2,0.7,1.907,67.5,0.0,0.0,0.0,1.0,185.0
INST.PONT DE SUERT,10.631,5.45,5.55,4.6,6.6,7.05,5.65,5.85,6.2,4.35,6.45,5.775,1.315,8.0,2.0,10.0,5.625,5.4,5.475,6.75,6.044,65.25,54.0,0.826,4.998,1.0,61.5
INST.DR. PUIGVERT,11.208,5.9,5.0,5.9,7.5,4.6,0.8,3.4,5.0,6.6,6.1,5.08,1.88,7.0,3.0,10.0,3.775,5.45,7.05,5.35,6.158,78.0,60.0,0.769,4.737,1.0,99.0
INST.JOAQUIM RUBIO I ORS-S.BOI,10.764,5.7,5.3,6.6,6.8,6.5,5.6,5.0,3.7,3.9,5.7,5.48,1.06,8.0,2.0,10.0,5.4,5.15,5.35,6.1,6.158,70.5,60.0,0.851,5.24,1.0,71.0
INST.JOSEP LLADONOSA,11.706,5.3,5.2,6.3,8.4,8.4,5.5,5.5,5.6,5.0,6.1,6.13,1.26,10.0,0.0,10.0,5.375,5.95,6.7,7.25,6.158,60.0,60.0,1.0,6.158,1.0,39.0
INST.SANTA COLOMA DE FARNERS,9.758,1.5,3.2,5.2,5.7,3.1,0.0,1.1,1.8,3.5,0.1,2.52,1.97,2.0,8.0,10.0,1.45,3.5,4.6,1.6,5.68,139.5,60.0,0.43,2.443,1.0,170.0
VEDRUNA-TÀRREGA,10.996,4.05,3.95,4.45,5.7,2.95,2.8,0.0,4.0,5.4,7.6,3.9,1.655,2.5,5.0,7.5,3.112,4.075,5.1,4.1,3.562,63.0,21.0,0.322,1.458,1.0,155.0
INST.ALT BERGUEDÀ,11.064,6.7,3.7,4.3,6.2,6.4,3.0,0.0,1.7,5.0,5.1,4.21,2.16,5.0,5.0,10.0,3.35,3.0,5.6,5.75,5.873,90.0,60.0,0.667,3.915,1.0,117.0
INST.SANTA EULÀLIA-HOSPITALET,9.594,7.5,3.2,4.5,3.4,3.5,1.8,2.4,1.5,0.5,5.2,3.35,2.02,2.0,8.0,10.0,3.725,3.0,1.95,4.35,5.802,124.5,60.0,0.482,2.796,1.0,156.0
"LA PRESENTACIO,COL·LEGI-ARENYS",10.716,5.2,2.3,5.0,6.8,3.1,5.0,5.0,5.0,7.1,0.2,4.47,2.08,7.0,3.0,10.0,4.375,5.0,6.95,1.65,5.668,79.5,60.0,0.755,4.277,1.0,104.0
INST.THALASSA,10.873,6.0,4.3,4.1,1.8,4.7,5.45,5.1,5.0,5.3,5.7,4.745,1.58,7.5,2.5,10.0,5.212,4.55,3.55,5.2,5.66,75.0,60.0,0.812,4.576,1.0,75.5
INST.MONTSERRAT ROIG-S.ANDREU,11.42,5.0,8.1,7.6,9.8,8.4,7.4,7.0,8.0,8.8,9.0,7.91,1.31,10.0,0.0,10.0,6.875,7.8,9.3,8.7,7.915,60.0,60.0,1.0,7.915,1.0,7.0
INST.VESCOMTAT DE CABRERA,11.722,8.1,6.9,7.7,8.4,7.0,9.2,7.1,9.4,6.2,9.7,7.97,1.19,10.0,0.0,10.0,7.825,8.55,7.3,8.35,8.057,60.0,60.0,1.0,8.057,1.0,5.0
FEDAC-AMILCAR,12.942,8.2,6.4,7.9,9.2,7.2,8.1,6.9,8.4,8.4,9.4,8.01,0.95,10.0,0.0,10.0,7.4,8.15,8.8,8.3,8.035,60.0,60.0,1.0,8.035,1.0,6.0
INST.LLOBREGAT-SALLENT,9.048,5.1,5.0,6.3,6.7,5.4,3.8,5.4,4.8,5.3,5.7,5.35,0.8,8.0,2.0,10.0,4.825,5.55,6.0,5.55,5.59,78.0,60.0,0.769,4.3,1.0,113.0
SANT JOSEP - TERESIANES,10.024,5.2,3.5,5.0,5.2,8.0,2.0,2.0,4.3,1.6,4.3,4.11,1.94,4.0,6.0,10.0,3.175,4.65,3.4,6.15,5.222,108.0,42.0,0.389,2.031,1.0,162.0
INST.JAUME MIMÓ,11.644,6.8,6.0,6.4,6.0,9.6,5.6,5.0,5.1,6.1,8.8,6.54,1.52,10.0,0.0,10.0,5.85,5.75,6.05,9.2,6.608,60.0,60.0,1.0,6.608,1.0,26.0
INST.JAUME SALVADOR I PEDROL,11.282,5.5,4.8,4.5,5.95,7.6,4.7,5.6,5.0,6.05,8.5,5.835,1.49,8.0,1.5,9.5,5.15,4.3,6.0,8.05,5.767,60.0,51.0,0.85,4.998,1.0,61.5
INST.BRUGUERS,12.022,3.3,4.1,5.5,4.5,9.3,6.3,0.0,1.8,2.2,6.1,4.31,2.66,4.0,6.0,10.0,3.425,3.65,3.35,7.7,4.958,72.0,37.5,0.521,2.582,1.0,182.0
"JAUME VILADOMS, CE",9.882,2.7,2.1,3.1,2.5,3.0,,,0.0,,,2.23,1.15,0.0,6.0,6.0,2.4,1.55,2.5,3.0,0.36,66.0,0.0,0.0,0.0,1.0,171.0
INST.PEDRAFORCA,10.536,5.7,7.0,4.6,5.0,3.4,5.1,6.2,5.0,5.6,6.8,5.44,1.07,8.0,2.0,10.0,6.0,4.8,5.3,5.1,6.2,72.0,60.0,0.833,5.167,1.0,76.0
INST.GORGS,11.543,6.4,5.35,5.05,7.0,4.9,4.9,5.45,6.35,6.2,5.15,5.675,1.05,8.5,1.5,10.0,5.525,5.7,6.6,5.025,6.208,72.75,60.0,0.851,5.293,1.0,71.0
"PEREZ IBORRA, ESCOLES",12.706,7.4,6.567,5.9,6.9,7.833,6.767,7.033,6.9,6.433,7.4,6.913,1.143,10.0,0.0,10.0,6.942,6.4,6.667,7.617,6.937,60.0,60.0,1.0,6.937,1.0,16.667
INST.LA POBLA DE SEGUR,12.042,7.7,7.6,6.5,7.0,5.7,5.3,6.8,8.0,8.5,8.0,7.11,1.05,10.0,0.0,10.0,6.85,7.25,7.75,6.85,7.097,60.0,60.0,1.0,7.097,1.0,12.0
MADRES CONCEP.DE LA ENSEñANZA,11.157,4.55,4.975,5.275,6.05,4.6,4.9,5.167,4.667,6.767,4.35,4.873,1.52,5.75,3.25,9.0,4.619,4.775,6.288,4.475,5.51,76.875,51.0,0.673,4.008,1.0,110.0
INST.LLUIS DOMENECH I M -CANET,11.506,8.0,8.5,7.2,8.2,8.5,7.0,8.6,8.4,8.9,9.6,8.29,0.76,10.0,0.0,10.0,8.025,7.8,8.55,9.05,8.308,60.0,60.0,1.0,8.308,1.0,1.0
INST.TERRA ALTA,11.061,6.35,6.15,5.1,6.4,4.85,5.65,3.4,4.6,6.7,4.75,5.395,1.345,7.5,2.5,10.0,5.388,4.85,6.55,4.8,6.149,75.75,60.0,0.828,5.23,1.0,84.0
INST.VALL D'HEBRON,11.224,7.8,7.5,7.3,7.0,8.4,5.7,8.1,7.9,7.2,5.1,7.2,1.05,10.0,0.0,10.0,7.275,7.6,7.1,6.75,7.148,60.0,60.0,1.0,7.148,1.0,10.0
INST.BISBE SIVILLA,11.003,6.567,5.3,5.267,4.1,2.8,6.8,5.65,2.55,3.6,6.633,4.933,2.293,6.667,2.333,9.0,6.053,4.317,3.25,4.717,5.708,68.0,52.5,0.785,4.588,1.0,92.333
INST.LLUíS DOMENECH I MONTANER,11.598,7.033,7.067,6.8,7.4,7.167,6.3,5.967,5.933,7.1,6.967,6.773,1.097,10.0,0.0,10.0,6.592,6.367,7.25,7.067,6.77,60.0,60.0,1.0,6.77,1.0,18.0
LA SALLE MONTCADA,10.131,7.2,3.8,3.8,6.0,5.0,4.55,2.85,1.1,5.65,5.6,4.555,2.125,5.0,5.0,10.0,4.6,2.45,5.825,5.3,5.922,90.75,51.0,0.572,3.428,1.0,134.0
ESCOLA AUGUSTA,10.846,5.6,5.1,5.7,6.3,2.5,5.8,4.8,5.1,5.6,2.4,4.89,1.35,7.0,3.0,10.0,5.325,5.4,5.95,2.45,5.647,79.5,60.0,0.755,4.262,1.0,120.0
MARE DE DÉU DELS ÀNGELS,10.612,5.75,6.65,5.25,6.65,4.95,4.35,5.7,7.1,5.7,5.15,5.725,1.185,8.0,2.0,10.0,5.613,6.175,6.175,5.05,5.922,75.0,60.0,0.834,4.914,1.0,89.5
"HAMELIN, INTERNACIONAL LAIE",10.427,5.233,3.5,3.733,3.967,3.633,5.5,5.05,3.9,3.567,5.633,4.363,1.593,4.667,4.667,9.333,4.781,3.533,3.767,4.633,5.069,78.0,48.5,0.62,3.207,1.0,133.333
MARE DÉU DEL CARME-TARRAGONA,11.552,6.4,4.833,4.733,7.1,4.833,4.933,3.467,4.667,4.633,6.167,5.177,1.373,7.0,3.0,10.0,4.908,4.7,5.867,5.5,5.625,68.0,50.5,0.752,4.362,1.0,97.333
INST.LA FERRERIA,11.274,0.0,1.4,1.5,0.0,2.7,,,,,,1.12,1.14,0.0,5.0,5.0,0.7,1.5,0.0,2.7,0.56,30.0,0.0,0.0,0.0,1.0,171.0
INST.SERRALLARGA,10.769,5.85,5.6,4.9,4.15,7.85,5.5,5.45,2.45,5.25,5.4,5.24,1.535,7.5,2.5,10.0,5.6,3.675,4.7,6.625,5.716,71.25,54.0,0.764,4.357,1.0,96.0
INST.BADALONA VII,9.169,4.5,3.65,5.85,5.4,8.4,5.9,5.3,3.45,6.0,9.0,5.745,1.98,7.5,2.5,10.0,4.838,4.65,5.7,8.7,6.715,81.0,60.0,0.794,5.336,1.0,78.0
INST.RONDA,11.44,6.475,7.35,5.5,5.875,7.1,5.775,6.05,4.325,6.15,6.35,6.095,1.47,7.75,2.25,10.0,6.412,4.912,6.013,6.725,6.758,73.875,60.0,0.846,5.808,1.0,55.75
ESCOLÀPIES LLURIA-BARCELONA,11.019,5.0,5.433,4.967,2.667,5.767,5.133,5.7,5.3,5.733,5.133,5.083,1.427,5.667,4.333,10.0,5.317,5.133,4.2,5.45,6.169,95.5,60.0,0.679,4.324,1.0,111.667
"MIRASAN, COL.LEGI",9.732,2.9,5.6,4.5,3.7,0.4,1.6,4.5,5.0,4.7,5.0,3.79,1.67,3.0,7.0,10.0,3.65,4.75,4.2,2.7,5.168,106.5,42.0,0.394,2.038,1.0,158.0
SAGRAT COR - EL VENDRELL,12.381,5.95,5.25,5.4,4.75,5.25,9.3,9.2,9.1,10.0,9.3,5.625,0.915,5.0,2.5,7.5,5.938,5.65,5.35,5.25,4.996,45.0,30.0,0.5,4.376,1.0,100.0
INST.MARTÍ L'HUMÀ,11.315,6.8,6.15,6.4,6.45,6.05,5.3,4.7,4.45,4.85,6.3,5.745,2.07,7.5,2.5,10.0,5.738,5.425,5.65,6.175,6.706,74.25,60.0,0.818,5.493,1.0,68.5
INST.SERRA DE MARINA,10.93,8.0,7.0,6.8,7.4,7.8,6.4,7.2,9.1,7.6,8.1,7.54,0.77,10.0,0.0,10.0,7.15,7.95,7.5,7.95,7.552,60.0,60.0,1.0,7.552,1.0,7.0
MONTCLAR,11.537,4.467,4.133,3.433,4.6,4.867,6.133,4.633,5.333,6.5,3.967,4.807,1.47,6.0,4.0,10.0,4.842,4.383,5.55,4.417,6.094,89.5,60.0,0.702,4.284,1.0,125.0
INST.SALVADOR VILASECA,11.012,5.8,5.0,5.8,5.0,5.0,5.8,5.7,6.0,5.6,7.9,5.76,0.84,10.0,0.0,10.0,5.575,5.9,5.3,6.45,5.818,60.0,60.0,1.0,5.818,1.0,66.0
VEDRUNA-BALAGUER,12.18,5.5,6.1,5.4,6.4,3.2,6.2,6.0,6.2,6.3,7.8,5.91,1.15,9.0,1.0,10.0,5.95,5.8,6.35,5.5,6.128,66.0,60.0,0.909,5.57,1.0,76.0
INST.VILA DE GRÀCIA,11.07,4.2,5.5,5.1,7.4,5.0,5.8,4.5,3.6,5.2,5.0,5.13,1.02,7.0,3.0,10.0,5.0,4.35,6.3,5.0,5.665,78.0,60.0,0.769,4.358,1.0,114.0
INST.ARGENTONA,10.582,6.6,7.0,4.7,6.75,8.3,4.65,4.25,5.4,4.1,7.75,5.95,1.68,8.0,2.0,10.0,5.625,5.05,5.425,8.025,6.522,71.25,60.0,0.863,5.638,1.0,59.0
INST.ARRAONA,11.062,5.9,6.4,5.9,7.2,6.6,5.7,5.4,2.8,4.5,5.9,5.63,1.23,8.0,2.0,10.0,5.85,4.35,5.85,6.25,5.922,70.5,60.0,0.851,5.04,1.0,99.0
INST.FLIX,10.986,5.65,4.3,5.3,5.4,2.9,5.3,7.45,4.35,5.7,5.55,5.19,1.355,6.5,3.5,10.0,5.675,4.825,5.55,4.225,5.986,81.0,60.0,0.75,4.505,1.0,108.5
INST.MONTJUÏC,12.128,4.0,6.0,5.0,8.0,6.5,6.4,4.3,5.6,7.9,5.0,5.87,1.37,8.0,2.0,10.0,5.175,5.3,7.95,5.75,6.507,72.0,60.0,0.833,5.423,1.0,63.0
INST.MANOLO HUGUÉ,11.008,5.0,6.3,5.6,6.6,5.7,6.2,6.1,5.4,7.5,6.2,6.06,0.7,10.0,0.0,10.0,5.9,5.5,7.05,5.95,6.028,60.0,60.0,1.0,6.028,1.0,34.0
INST.CELESTÍ BELLERA,11.76,4.3,5.0,6.0,6.1,7.1,5.0,6.6,6.2,8.0,7.1,6.14,1.13,9.0,1.0,10.0,5.225,6.1,7.05,7.1,6.298,66.0,60.0,0.909,5.725,1.0,49.0
INST.PAU CASALS,10.738,3.4,7.5,6.45,6.6,3.95,6.45,5.75,4.8,6.0,6.1,5.7,1.68,8.0,2.0,10.0,5.775,5.625,6.3,5.025,6.498,79.5,60.0,0.803,5.326,1.0,83.0
CLARET-BARCELONA,11.581,5.2,5.033,6.133,6.4,6.367,5.0,4.3,5.633,5.567,7.433,5.707,1.377,6.667,3.333,10.0,4.883,5.883,5.983,6.9,6.456,81.5,60.0,0.767,5.055,1.0,96.0
MARISTES CHAMPAGNAT,9.736,4.267,5.067,4.8,5.967,4.4,4.733,4.233,4.7,6.167,3.767,4.81,1.763,5.667,4.333,10.0,4.575,4.75,6.067,4.083,5.975,86.5,53.5,0.657,4.025,1.0,108.667
SHALOM,10.544,6.325,6.325,5.975,5.825,3.15,4.575,5.8,5.525,4.475,4.85,5.282,1.33,8.5,1.5,10.0,5.756,5.75,5.15,4.0,5.828,69.0,60.0,0.875,5.118,1.0,79.75
INST.PAU VILA,12.571,7.25,7.1,6.75,8.75,8.3,6.0,6.6,7.0,6.85,5.85,7.045,1.16,8.5,1.5,10.0,6.738,6.875,7.8,7.075,7.485,69.0,60.0,0.885,6.803,1.0,51.0
ESCOLA PIA DE VILANOVA I LA G.,11.561,5.8,6.167,6.133,6.467,8.0,5.9,5.9,5.667,6.3,7.533,6.387,0.997,10.0,0.0,10.0,5.942,5.9,6.383,7.767,6.417,60.0,60.0,1.0,6.417,1.0,29.333
"MONTAGUT, ESCOLA",10.262,3.7,3.3,3.933,4.267,4.567,5.15,5.2,1.467,3.7,4.85,3.907,1.927,4.0,4.333,8.333,3.764,2.7,4.2,5.167,4.196,74.0,38.0,0.508,2.256,1.0,160.333
INST.VALL D'ARUS,10.402,5.2,4.65,3.4,6.5,6.8,3.6,5.6,2.1,4.75,6.05,4.865,1.705,5.5,4.5,10.0,4.762,2.75,5.625,6.425,5.989,86.25,60.0,0.697,4.176,1.0,126.5
IMMACULADA CONCEPCIó-LLORET,10.443,4.1,3.1,3.8,4.667,2.867,3.367,3.333,3.967,3.833,4.133,3.717,1.26,3.333,6.667,10.0,3.475,3.883,4.25,3.5,4.713,86.0,42.0,0.442,2.392,1.0,170.333
INST.MARTÍ DOT,11.547,7.533,7.7,7.1,8.067,8.4,6.533,6.733,6.467,8.133,7.867,7.453,1.203,9.667,0.333,10.0,7.125,6.783,8.1,8.133,7.52,62.0,60.0,0.97,7.325,1.0,15.333
INST.FRANCESC RIBALTA,11.897,6.867,6.567,6.733,7.267,6.7,6.733,6.767,6.633,7.367,6.9,6.853,1.057,10.0,0.0,10.0,6.733,6.683,7.317,6.8,6.842,60.0,60.0,1.0,6.842,1.0,22.333
INST.CASTELLÓ D'EMPÚRIES,11.82,7.4,7.3,6.5,9.0,6.7,7.4,5.6,6.7,10.0,6.5,7.31,1.29,10.0,0.0,10.0,6.925,6.6,9.5,6.6,7.222,60.0,60.0,1.0,7.222,1.0,9.0
INST.CAN PUIG,10.556,5.8,1.2,6.6,6.6,5.7,4.7,3.8,3.3,5.9,6.1,4.97,1.74,6.0,4.0,10.0,3.875,4.95,6.25,5.9,5.925,90.0,60.0,0.667,3.95,1.0,133.0
INST.SANT JUST DESVERN,10.222,5.6,5.267,3.933,3.833,5.633,4.767,4.867,4.0,6.067,6.9,5.087,1.373,6.333,3.667,10.0,5.125,3.967,4.95,6.267,6.094,86.0,60.0,0.747,4.695,1.0,98.0
INST.PONTS,10.675,3.8,4.0,3.75,3.65,3.3,5.3,3.95,2.35,3.1,3.1,3.63,1.435,3.5,6.5,10.0,4.262,3.05,3.375,3.2,4.362,105.0,39.0,0.452,2.338,1.0,146.5
"MONTSENY, CENTRE D'ESTUDIS",11.489,6.45,5.5,5.1,5.7,5.7,3.1,5.05,3.65,4.85,4.05,4.915,1.825,6.0,4.0,10.0,5.025,4.375,5.275,4.875,5.005,63.0,36.0,0.574,2.895,1.0,133.5
ATENEU INSTRUCTIU,10.698,4.95,3.2,4.4,6.25,4.25,4.85,5.3,4.65,5.05,6.0,4.89,1.49,5.0,5.0,10.0,4.575,4.525,5.65,5.125,6.328,90.0,60.0,0.718,4.646,1.0,95.0
JARDÍ,10.47,7.5,7.1,6.3,4.3,0.1,5.0,8.2,6.6,3.8,3.2,5.21,2.45,6.0,4.0,10.0,6.95,6.45,4.05,1.65,6.38,90.0,60.0,0.667,4.253,1.0,122.0
INST.GUISSONA,10.996,3.2,3.5,3.8,5.5,0.4,3.6,3.7,5.0,5.2,0.9,3.48,1.69,3.0,7.0,10.0,3.5,4.4,5.35,0.65,5.855,109.5,60.0,0.548,3.208,1.0,157.0
INST.SALVADOR DALI,11.013,4.867,4.067,4.433,4.033,5.733,3.167,3.6,3.6,5.45,4.5,4.233,1.3,4.667,5.0,9.667,3.925,4.017,4.033,5.117,5.022,78.0,46.0,0.609,3.498,1.0,123.333
INST.ARNAU CADELL,11.417,6.3,6.65,5.75,6.6,4.8,5.35,5.4,4.7,6.15,3.85,5.555,1.325,8.5,1.5,10.0,5.925,5.225,6.375,4.325,6.028,72.75,60.0,0.851,5.206,1.0,79.5
INST.RAMON TURRO I DARDER,11.725,6.35,6.9,4.25,5.3,6.2,6.1,6.3,6.55,7.95,7.1,6.3,1.13,8.5,1.5,10.0,6.412,5.4,6.625,6.65,6.724,69.0,60.0,0.885,6.014,1.0,63.5
INST.MONTGRÍ,10.605,5.45,5.9,4.8,3.55,3.05,5.05,4.6,4.25,5.2,3.8,4.565,1.105,5.0,5.0,10.0,5.25,4.525,4.375,3.425,5.443,99.0,48.75,0.596,3.389,1.0,113.5
VIRGEN DE LA SALUD,10.218,5.15,4.0,4.175,3.5,4.725,3.833,3.833,2.967,4.933,6.233,4.065,1.402,5.0,3.75,8.75,4.025,3.638,3.713,4.925,3.992,55.5,33.375,0.514,2.93,1.0,124.75
INST.MANUEL DE MONTSUAR,11.932,6.0,4.45,3.65,4.8,2.0,2.6,5.0,6.5,5.0,5.5,3.96,1.85,4.0,3.5,7.5,4.637,4.225,3.925,2.375,3.552,48.0,27.0,0.464,2.246,1.0,132.0
MONLAU,11.502,7.2,8.2,5.2,7.3,6.4,5.1,2.7,3.9,6.7,5.0,5.77,1.69,8.0,2.0,10.0,5.8,4.55,7.0,5.7,6.407,72.0,60.0,0.833,5.34,1.0,67.0
INST.CAN MAS,11.726,5.0,2.9,1.0,4.1,5.3,4.4,5.8,5.5,0.7,5.3,4.0,1.86,5.0,5.0,10.0,4.525,3.25,2.4,5.3,5.53,94.5,60.0,0.635,3.511,1.0,165.0
GRAVI,10.809,6.267,4.633,4.967,5.167,6.267,5.367,5.3,4.7,5.7,5.2,5.327,1.107,6.667,2.667,9.333,5.392,4.833,5.067,5.95,5.525,69.5,54.0,0.793,4.455,1.0,94.0
INST.JOAN BROSSA,11.459,4.6,6.0,5.35,4.55,4.25,4.55,5.3,5.25,4.75,5.55,5.015,1.665,7.5,2.5,10.0,5.112,5.3,4.65,4.9,6.08,74.25,60.0,0.81,4.918,1.0,88.5
INST.SALVADOR ESPRIU-BARCELONA,11.05,5.0,5.0,6.3,5.1,5.2,5.7,5.0,5.0,7.2,5.8,5.53,0.74,10.0,0.0,10.0,5.175,5.65,6.15,5.5,5.495,60.0,60.0,1.0,5.495,1.0,61.0
INST.DOMENEC PERRAMON,11.168,3.0,3.3,3.7,3.9,5.0,3.2,2.9,3.0,6.1,2.6,3.67,1.09,2.0,8.0,10.0,3.1,3.35,5.0,3.8,5.558,121.5,48.0,0.395,2.196,1.0,188.0
INST.MANUEL BLANCAFORT,11.071,3.5,2.45,3.3,5.1,1.85,4.4,2.6,3.25,3.75,5.0,3.52,1.265,2.5,7.5,10.0,3.238,3.275,4.425,3.425,5.912,125.25,60.0,0.51,3.018,1.0,154.0
INST.EUGENI XAMMAR,11.151,6.9,6.55,5.45,6.4,6.85,4.75,6.2,6.8,6.1,2.65,5.865,1.57,9.0,1.0,10.0,6.1,6.125,6.25,4.75,6.136,70.5,60.0,0.87,5.29,1.0,80.0
ARRELS II,11.273,5.35,5.3,6.3,4.45,7.65,5.25,3.8,5.25,5.25,3.4,5.2,1.36,6.5,3.5,10.0,4.925,5.775,4.85,5.525,5.614,75.0,53.25,0.726,4.136,1.0,110.5
INST.LA SERRETA,11.554,4.2,1.8,5.0,3.2,2.4,6.4,5.9,6.4,5.4,5.0,4.57,1.63,6.0,4.0,10.0,4.575,5.7,4.3,3.7,5.86,84.0,60.0,0.714,4.186,1.0,134.0
INST.SA PALOMERA,11.174,5.75,3.9,5.35,6.4,5.9,3.6,4.55,4.0,4.9,4.3,4.865,1.455,5.5,4.5,10.0,4.45,4.675,5.65,5.1,5.13,66.0,39.0,0.566,3.146,1.0,127.5
INST.POETA MARAGALL,10.664,5.2,4.85,4.25,4.8,4.7,5.0,5.0,5.0,7.9,6.6,4.92,0.87,5.5,2.5,8.0,4.962,4.0,5.4,5.025,4.324,60.0,39.0,0.65,3.302,1.0,115.0
INST.JOAN RAMON BENAPRÈS,10.932,4.0,4.0,4.3,5.0,7.7,4.9,3.3,1.9,5.9,5.7,4.67,1.58,4.0,6.0,10.0,4.05,3.1,5.45,6.7,6.095,96.0,60.0,0.625,3.809,1.0,150.0
INST.PLA DE L'ESTANY,11.264,7.7,5.0,5.7,7.0,9.3,6.9,5.0,5.8,6.3,5.8,6.45,1.33,10.0,0.0,10.0,6.15,5.75,6.65,7.55,6.438,60.0,60.0,1.0,6.438,1.0,23.0
INST.M JUAN MANUEL ZAFRA,10.472,3.833,3.1,3.2,3.633,2.6,5.6,5.05,4.9,5.8,6.9,3.607,1.363,4.0,4.333,8.333,3.508,3.517,3.75,3.75,3.935,58.0,32.0,0.438,2.551,1.0,132.667
MATER SALVATORIS,12.033,7.65,7.35,5.85,7.75,6.55,5.55,5.95,7.25,6.15,5.2,6.525,1.085,9.0,1.0,10.0,6.625,6.55,6.95,5.875,6.502,60.0,53.25,0.888,5.804,1.0,33.5
INST.MONTSERRAT COLOMER,11.482,4.5,6.4,4.3,5.55,4.5,3.5,6.05,5.85,5.9,6.35,5.29,1.845,7.5,2.5,10.0,5.112,5.075,5.725,5.425,6.246,75.0,60.0,0.812,5.074,1.0,81.5
INST.OLORDA,11.112,4.45,5.25,6.2,6.05,6.3,5.35,3.6,3.8,6.0,7.0,5.4,1.51,7.5,2.5,10.0,4.662,5.0,6.025,6.65,6.02,75.0,60.0,0.812,4.904,1.0,91.0
SAGRADA FAMÍLIA-HORTA,10.283,4.6,5.6,4.7,4.8,5.6,6.5,2.6,3.7,4.6,4.85,4.615,1.705,5.0,4.5,9.5,4.554,4.2,4.7,5.225,5.031,72.0,42.0,0.566,3.142,1.0,128.0
"ROCA, C.E.",11.64,6.2,6.3,6.45,6.75,7.2,5.25,5.3,5.45,6.35,5.4,6.065,0.955,9.0,1.0,10.0,5.762,5.95,6.55,6.3,6.272,66.0,60.0,0.916,5.791,1.0,56.5
AMOR DE DIOS,10.338,5.0,4.65,5.35,4.75,7.9,5.2,4.2,3.8,5.75,5.2,5.18,1.48,7.0,3.0,10.0,4.762,4.575,5.25,6.55,6.188,78.75,60.0,0.762,4.716,1.0,100.0
INST.ARAN,9.166,5.9,4.8,4.45,3.6,3.1,2.15,5.5,3.35,5.0,5.2,4.105,1.4,3.5,5.0,8.5,4.425,3.9,3.925,3.4,4.258,69.0,39.0,0.527,2.393,1.0,168.0
STUCOM,11.65,5.85,6.2,7.5,7.3,6.95,5.5,6.1,5.9,7.4,5.9,6.46,1.33,9.0,1.0,10.0,5.912,6.7,7.35,6.425,6.547,66.0,60.0,0.916,6.034,1.0,44.5
INST.ISAAC ALBENIZ,10.868,5.0,3.4,3.3,6.5,5.0,3.7,2.5,7.3,5.0,3.4,4.51,1.53,5.0,5.0,10.0,3.65,5.3,5.75,4.2,5.75,91.5,60.0,0.656,3.77,1.0,153.0
INST.BISBE BERENGUER,11.322,6.1,5.1,3.6,4.1,5.0,4.0,5.2,2.4,6.6,6.6,4.87,1.36,6.0,4.0,10.0,5.1,3.0,5.35,5.8,6.12,84.0,60.0,0.714,4.371,1.0,121.0
INST.LA MALLOLA,10.542,6.6,6.0,5.7,5.4,7.2,4.6,5.0,3.2,6.3,3.6,5.36,1.28,7.0,3.0,10.0,5.55,4.45,5.85,5.4,6.39,79.5,60.0,0.755,4.823,1.0,94.0
INST.JOAN MIRO-CORNELLA,10.485,5.167,3.933,3.833,6.933,2.633,4.867,5.45,5.55,5.8,5.95,4.907,1.49,5.667,3.333,9.0,4.761,4.4,6.367,3.65,5.454,73.5,51.5,0.691,3.828,1.0,119.0
INST.LES VINYES,10.562,0.0,3.1,2.8,5.0,1.8,0.0,1.7,1.3,3.1,0.3,1.91,1.62,1.0,9.0,10.0,1.2,2.05,4.05,1.05,4.042,112.5,28.5,0.253,1.024,1.0,193.0
INST.RIBERA DEL SIÓ,12.003,5.65,5.2,5.75,4.85,6.2,4.8,4.15,4.15,5.8,6.7,5.325,1.145,7.5,2.5,10.0,4.95,4.95,5.325,6.45,5.987,75.0,60.0,0.801,4.795,1.0,104.5
INST.JAUME ALMERA,11.076,6.7,5.9,5.1,5.6,4.1,4.6,5.5,8.3,5.4,5.3,5.65,1.16,8.0,2.0,10.0,5.675,6.7,5.5,4.7,6.178,72.0,60.0,0.833,5.148,1.0,77.0
DOLMEN,11.318,5.6,6.2,6.1,5.1,6.2,6.1,6.2,7.9,6.9,6.2,6.25,0.74,10.0,0.0,10.0,6.025,7.0,6.0,6.2,6.232,60.0,60.0,1.0,6.232,1.0,41.0
INST.MANUEL DE PEDROLO,11.572,6.075,6.025,4.05,6.775,5.15,5.133,5.733,4.567,5.267,3.933,5.045,1.788,6.75,2.0,8.75,5.687,3.738,6.062,4.05,4.776,57.375,45.0,0.764,3.841,1.0,109.25
LA MERCE - MARTORELL,12.203,5.95,6.0,5.25,6.25,7.05,2.9,2.55,4.55,4.45,2.95,4.79,1.815,7.5,2.5,10.0,4.35,4.9,5.35,5.0,4.752,60.0,45.0,0.75,3.814,1.0,105.0
JOSEP TOUS,11.0,4.9,5.5,4.75,5.8,6.65,5.25,4.75,4.7,6.35,6.0,5.465,1.27,7.0,3.0,10.0,5.1,4.725,6.075,6.325,6.446,78.0,60.0,0.788,5.114,1.0,89.0
GEM,10.475,4.7,4.533,5.467,6.5,4.7,6.133,3.267,4.7,5.4,3.8,4.92,1.463,5.667,4.333,10.0,4.658,5.083,5.95,4.25,5.674,82.0,43.5,0.621,4.003,1.0,99.667
GARBI PERE VERGES-BADALONA,11.269,6.4,5.25,4.275,4.75,6.45,3.5,3.0,4.4,4.55,4.425,4.7,1.565,6.0,4.0,10.0,4.538,4.338,4.65,5.438,5.027,67.5,43.5,0.631,3.559,1.0,113.5
SANT MARC - SARRIÀ,11.37,8.0,8.15,7.4,7.65,7.7,4.35,4.6,7.4,4.05,8.0,6.73,1.865,8.5,1.5,10.0,6.275,7.4,5.85,7.85,7.546,79.5,60.0,0.803,6.264,1.0,71.5
LA SALLE GRÀCIA,10.064,5.8,6.35,6.5,6.6,6.85,5.8,6.0,5.65,6.2,6.3,6.205,1.095,8.0,2.0,10.0,5.988,6.075,6.4,6.575,6.485,74.25,60.0,0.839,5.524,1.0,75.0
INST.VIC,11.437,5.4,5.5,5.5,6.367,5.267,5.367,5.467,5.667,6.633,6.167,5.733,1.1,7.667,2.333,10.0,5.433,5.583,6.5,5.717,6.155,78.0,60.0,0.822,5.099,1.0,85.0
NATZARET,11.88,6.6,7.6,6.8,5.7,1.2,6.8,7.2,6.4,5.9,5.4,5.96,1.8,9.0,1.0,10.0,7.05,6.6,5.8,3.3,6.328,66.0,60.0,0.909,5.752,1.0,69.0
INST.LLUIS DE REQUESENS,10.481,5.0,3.65,4.7,5.35,6.85,4.85,3.35,4.4,4.0,5.75,4.79,1.35,6.0,4.0,10.0,4.212,4.55,4.675,6.3,5.943,90.0,60.0,0.75,4.501,1.0,113.5
ESCOLA PIA DE TERRASSA,10.096,6.7,7.0,5.0,5.1,2.0,6.0,6.8,8.6,8.1,5.1,6.04,1.88,9.0,1.0,10.0,6.625,6.8,6.6,3.55,6.495,66.0,60.0,0.909,5.905,1.0,60.0
INST.PIUS FONT I QUER,10.755,5.733,5.4,5.133,5.767,6.133,4.8,4.1,4.8,4.767,3.1,4.973,1.71,6.0,4.0,10.0,5.008,4.967,5.267,4.617,6.157,84.5,54.5,0.712,4.624,1.0,103.0
INST.CRISTOFOL FERRER,10.522,5.7,6.0,5.2,5.1,4.2,7.3,5.0,3.7,5.5,6.7,5.44,1.07,8.0,2.0,10.0,6.0,4.45,5.3,5.45,6.19,72.0,60.0,0.833,5.158,1.0,95.0
INST.BALDIRI GUILERA,10.52,5.65,5.4,5.5,3.5,5.9,5.4,5.05,4.4,6.35,6.65,5.38,1.44,7.0,3.0,10.0,5.375,4.95,4.925,6.275,5.698,69.0,51.0,0.734,4.202,1.0,105.0
INST.EUGENI D'ORS - VILAFRANCA,10.133,4.833,5.2,4.567,5.9,6.433,5.133,3.2,3.467,5.2,6.267,5.02,1.38,7.333,2.667,10.0,4.592,4.017,5.55,6.35,5.976,80.0,60.0,0.78,4.677,1.0,96.667
SANT JAUME DE LA FEP,10.228,6.3,6.5,9.0,5.6,8.2,6.0,6.5,5.0,5.7,7.1,6.59,1.22,10.0,0.0,10.0,6.325,7.0,5.65,7.65,6.625,60.0,60.0,1.0,6.625,1.0,22.0
INST.DAMIA CAMPENY,10.693,5.433,5.1,4.7,4.533,5.533,5.033,4.4,4.5,6.367,6.267,5.187,1.473,6.333,3.667,10.0,4.992,4.6,5.45,5.9,6.167,82.0,60.0,0.767,4.838,1.0,94.0
INST.TOSSA DE MAR,11.116,5.0,5.6,5.0,6.3,5.0,5.6,5.1,5.0,6.2,6.0,5.48,0.53,10.0,0.0,10.0,5.325,5.0,6.25,5.5,5.475,60.0,60.0,1.0,5.475,1.0,81.0
INST.ESCOLA DEL TREBALL-BCN,9.721,5.5,5.167,5.667,5.667,7.967,4.9,4.7,5.167,5.7,5.1,5.577,1.017,8.667,1.0,9.667,5.131,5.417,5.683,6.533,5.583,64.5,58.0,0.918,5.106,1.0,81.0
INST.GABRIELA MISTRAL,10.352,6.0,5.1,3.3,5.0,3.6,5.3,5.55,4.3,5.6,4.45,4.82,1.325,7.0,3.0,10.0,5.488,3.8,5.3,4.025,5.554,72.75,54.0,0.751,4.15,1.0,101.0
CORAZON INMACULADO DE MARIA,10.532,1.0,4.85,2.85,2.7,2.0,5.4,6.9,3.1,6.8,3.5,3.175,1.975,2.0,5.5,7.5,3.588,2.625,3.3,2.775,3.819,63.75,30.0,0.308,2.011,1.0,154.5
INST.LES TERMES,10.548,5.1,5.7,2.6,4.1,0.0,7.0,6.5,5.5,7.7,5.6,4.98,2.27,7.0,3.0,10.0,6.075,4.05,5.9,2.8,6.117,78.0,60.0,0.769,4.706,1.0,121.0
INST.VILATZARA,13.082,9.0,8.2,8.1,8.0,8.5,7.3,5.3,8.3,7.7,5.8,7.62,1.19,10.0,0.0,10.0,7.45,8.2,7.85,7.15,7.572,60.0,60.0,1.0,7.572,1.0,3.0
INST.LLUIS DE PEGUERA,10.796,5.1,4.6,5.0,5.0,1.1,3.4,5.0,5.0,5.0,6.7,4.59,1.46,7.0,3.0,10.0,4.525,5.0,5.0,3.9,5.592,78.0,60.0,0.769,4.302,1.0,126.0
INST.APEL·LES MESTRES,6.616,9.0,7.0,7.0,6.0,6.0,5.3,9.4,6.1,6.3,5.0,6.71,1.46,10.0,0.0,10.0,7.675,6.55,6.15,5.5,6.677,60.0,60.0,1.0,6.677,1.0,24.0
